Date,Washing-0:00,Washing-0:15,Washing-0:30,Washing-0:45,Washing-1:00,Washing-1:15,Washing-1:30,Washing-1:45,Washing-2:00,Washing-2:15,Washing-2:30,Washing-2:45,Washing-3:00,Washing-3:15,Washing-3:30,Washing-3:45,Washing-4:00,Washing-4:15,Washing-4:30,Washing-4:45,Washing-5:00,Washing-5:15,Washing-5:30,Washing-5:45,Washing-6:00,Washing-6:15,Washing-6:30,Washing-6:45,Washing-7:00,Washing-7:15,Washing-7:30,Washing-7:45,Washing-8:00,Washing-8:15,Washing-8:30,Washing-8:45,Washing-9:00,Washing-9:15,Washing-9:30,Washing-9:45,Washing-10:00,Washing-10:15,Washing-10:30,Washing-10:45,Washing-11:00,Washing-11:15,Washing-11:30,Washing-11:45,Washing-12:00,Washing-12:15,Washing-12:30,Washing-12:45,Washing-13:00,Washing-13:15,Washing-13:30,Washing-13:45,Washing-14:00,Washing-14:15,Washing-14:30,Washing-14:45,Washing-15:00,Washing-15:15,Washing-15:30,Washing-15:45,Washing-16:00,Washing-16:15,Washing-16:30,Washing-16:45,Washing-17:00,Washing-17:15,Washing-17:30,Washing-17:45,Washing-18:00,Washing-18:15,Washing-18:30,Washing-18:45,Washing-19:00,Washing-19:15,Washing-19:30,Washing-19:45,Washing-20:00,Washing-20:15,Washing-20:30,Washing-20:45,Washing-21:00,Washing-21:15,Washing-21:30,Washing-21:45,Washing-22:00,Washing-22:15,Washing-22:30,Washing-22:45,Washing-23:00,Washing-23:15,Washing-23:30,Washing-23:45,freezer-0:00,freezer-0:15,freezer-0:30,freezer-0:45,freezer-1:00,freezer-1:15,freezer-1:30,freezer-1:45,freezer-2:00,freezer-2:15,freezer-2:30,freezer-2:45,freezer-3:00,freezer-3:15,freezer-3:30,freezer-3:45,freezer-4:00,freezer-4:15,freezer-4:30,freezer-4:45,freezer-5:00,freezer-5:15,freezer-5:30,freezer-5:45,freezer-6:00,freezer-6:15,freezer-6:30,freezer-6:45,freezer-7:00,freezer-7:15,freezer-7:30,freezer-7:45,freezer-8:00,freezer-8:15,freezer-8:30,freezer-8:45,freezer-9:00,freezer-9:15,freezer-9:30,freezer-9:45,freezer-10:00,freezer-10:15,freezer-10:30,freezer-10:45,freezer-11:00,freezer-11:15,freezer-11:30,freezer-11:45,freezer-12:00,freezer-12:15,freezer-12:30,freezer-12:45,freezer-13:00,freezer-13:15,freezer-13:30,freezer-13:45,freezer-14:00,freezer-14:15,freezer-14:30,freezer-14:45,freezer-15:00,freezer-15:15,freezer-15:30,freezer-15:45,freezer-16:00,freezer-16:15,freezer-16:30,freezer-16:45,freezer-17:00,freezer-17:15,freezer-17:30,freezer-17:45,freezer-18:00,freezer-18:15,freezer-18:30,freezer-18:45,freezer-19:00,freezer-19:15,freezer-19:30,freezer-19:45,freezer-20:00,freezer-20:15,freezer-20:30,freezer-20:45,freezer-21:00,freezer-21:15,freezer-21:30,freezer-21:45,freezer-22:00,freezer-22:15,freezer-22:30,freezer-22:45,freezer-23:00,freezer-23:15,freezer-23:30,freezer-23:45,coffeemachine-0:00,coffeemachine-0:15,coffeemachine-0:30,coffeemachine-0:45,coffeemachine-1:00,coffeemachine-1:15,coffeemachine-1:30,coffeemachine-1:45,coffeemachine-2:00,coffeemachine-2:15,coffeemachine-2:30,coffeemachine-2:45,coffeemachine-3:00,coffeemachine-3:15,coffeemachine-3:30,coffeemachine-3:45,coffeemachine-4:00,coffeemachine-4:15,coffeemachine-4:30,coffeemachine-4:45,coffeemachine-5:00,coffeemachine-5:15,coffeemachine-5:30,coffeemachine-5:45,coffeemachine-6:00,coffeemachine-6:15,coffeemachine-6:30,coffeemachine-6:45,coffeemachine-7:00,coffeemachine-7:15,coffeemachine-7:30,coffeemachine-7:45,coffeemachine-8:00,coffeemachine-8:15,coffeemachine-8:30,coffeemachine-8:45,coffeemachine-9:00,coffeemachine-9:15,coffeemachine-9:30,coffeemachine-9:45,coffeemachine-10:00,coffeemachine-10:15,coffeemachine-10:30,coffeemachine-10:45,coffeemachine-11:00,coffeemachine-11:15,coffeemachine-11:30,coffeemachine-11:45,coffeemachine-12:00,coffeemachine-12:15,coffeemachine-12:30,coffeemachine-12:45,coffeemachine-13:00,coffeemachine-13:15,coffeemachine-13:30,coffeemachine-13:45,coffeemachine-14:00,coffeemachine-14:15,coffeemachine-14:30,coffeemachine-14:45,coffeemachine-15:00,coffeemachine-15:15,coffeemachine-15:30,coffeemachine-15:45,coffeemachine-16:00,coffeemachine-16:15,coffeemachine-16:30,coffeemachine-16:45,coffeemachine-17:00,coffeemachine-17:15,coffeemachine-17:30,coffeemachine-17:45,coffeemachine-18:00,coffeemachine-18:15,coffeemachine-18:30,coffeemachine-18:45,coffeemachine-19:00,coffeemachine-19:15,coffeemachine-19:30,coffeemachine-19:45,coffeemachine-20:00,coffeemachine-20:15,coffeemachine-20:30,coffeemachine-20:45,coffeemachine-21:00,coffeemachine-21:15,coffeemachine-21:30,coffeemachine-21:45,coffeemachine-22:00,coffeemachine-22:15,coffeemachine-22:30,coffeemachine-22:45,coffeemachine-23:00,coffeemachine-23:15,coffeemachine-23:30,coffeemachine-23:45,TV-0:00,TV-0:15,TV-0:30,TV-0:45,TV-1:00,TV-1:15,TV-1:30,TV-1:45,TV-2:00,TV-2:15,TV-2:30,TV-2:45,TV-3:00,TV-3:15,TV-3:30,TV-3:45,TV-4:00,TV-4:15,TV-4:30,TV-4:45,TV-5:00,TV-5:15,TV-5:30,TV-5:45,TV-6:00,TV-6:15,TV-6:30,TV-6:45,TV-7:00,TV-7:15,TV-7:30,TV-7:45,TV-8:00,TV-8:15,TV-8:30,TV-8:45,TV-9:00,TV-9:15,TV-9:30,TV-9:45,TV-10:00,TV-10:15,TV-10:30,TV-10:45,TV-11:00,TV-11:15,TV-11:30,TV-11:45,TV-12:00,TV-12:15,TV-12:30,TV-12:45,TV-13:00,TV-13:15,TV-13:30,TV-13:45,TV-14:00,TV-14:15,TV-14:30,TV-14:45,TV-15:00,TV-15:15,TV-15:30,TV-15:45,TV-16:00,TV-16:15,TV-16:30,TV-16:45,TV-17:00,TV-17:15,TV-17:30,TV-17:45,TV-18:00,TV-18:15,TV-18:30,TV-18:45,TV-19:00,TV-19:15,TV-19:30,TV-19:45,TV-20:00,TV-20:15,TV-20:30,TV-20:45,TV-21:00,TV-21:15,TV-21:30,TV-21:45,TV-22:00,TV-22:15,TV-22:30,TV-22:45,TV-23:00,TV-23:15,TV-23:30,TV-23:45
1/04/2014,0.04994,0.0429,0.03652,0.01034,0.03982,0.00462,0.00264,0.02178,0.02134,0.0033,0.00264,0.03718,0.0033,0.00286,0.0132,0.02926,0.00286,0.00242,0.03036,0.01518,0.0286,0.00814,0.03366,0.00198,0.00198,0.011,0.03124,0.00154,0.00198,0.0286,0.01518,0.00198,0.00198,0.04004,0.00264,0.0022,0.00462,0.0385,0.00198,0.00176,0.0198,0.0407,0.02002,0.0022,0.03014,0.01012,0.0022,0.00154,0.03938,0.00176,0.0022,0.0154,0.02904,0.00176,0.00176,0.0297,0.01188,0.01518,0.02442,0.04158,0.0022,0.00198,0.03872,0.0033,0.00198,0.00638,0.03432,0.00198,0.0022,0.02046,0.04994,0.01958,0.00198,0.02882,0.0077,0.00198,0.00198,0.03718,0.00198,0.00198,0.01584,0.03058,0.00176,0.00176,0.02486,0.01254,0.02992,0.00814,0.03652,0.00264,0.0022,0.0088,0.03718,0.00308,0.00242,0.022,0.00216,0.00216,0.00297,0.0027,0.00243,0.00243,0.0027,0.00243,0.00297,0.0027,0.0027,0.0027,0.00243,0.00297,0.00216,0.0027,0.00216,0.00297,0.00243,0.00243,0.00243,0.0027,0.00216,0.00216,0.00297,0.00243,0.00216,0.00297,0.0027,0.00243,0.00297,0.00216,0.00297,0.00216,0.00243,0.0027,0.0027,0.00216,0.0027,0.00216,0.0027,0.00243,0.05589,0.00216,0.00243,0.06966,0.05265,0.00216,0.00243,0.00243,0.00243,0.00243,0.0027,0.00243,0.00243,0.00243,0.0027,0.00297,0.00243,0.00243,0.0027,0.00243,0.00297,0.00216,0.0027,0.0027,0.00243,0.00216,0.00243,0.00243,0.0027,0.00216,0.00243,0.00216,0.00243,0.00216,0.00216,0.0027,0.00216,0.0027,0.00243,0.00216,0.0027,0.0027,0.0027,0.0027,0.00243,0.0027,0.0027,0.0027,0.00297,0.00216,0.0027,0.00216,0.0027,0.00216,0.00036,0.00018,0.00036,0.00036,0.00018,0.00036,0.00036,0.00036,0.00018,0.00036,0.00036,0.00036,0.00018,0.00036,0.00036,0.00036,0.00018,0.00036,0.00036,0.00036,0.00018,0.00036,0.00036,0.00036,0.00018,0.00036,0.00036,0.00018,0.00036,0.00036,0.00036,0.00018,0.00036,0.00036,0.00036,0.00018,0.00036,0.00036,0.00018,0.00036,0.00036,0.00036,0.00018,0.00036,0.00036,0.00036,0.00018,0.00036,0.00036,0.00036,0.00018,0.00036,0.00036,0.00036,0.00018,0.00036,0.00036,0.00036,0.00018,0.00036,0.00036,0.00036,0.00018,0.00036,0.00036,0.46638,103.968,0.95004,0.5049,0.36126,0.0846,0.0081,0.00612,0.00144,0.00144,0.00126,0.00036,0.00018,0.00036,0.00036,0.00018,0.00036,0.00036,0.00018,0.00036,0.00036,0.00036,0.00018,0.00036,0.00036,0.00018,0.00036,0.00036,0.00018,0.00036,0.00036,0.10752,0.00816,0.00696,0.00768,0.00816,0.00864,0.0084,0.00792,0.00792,0.0084,0.00744,0.00792,0.00816,0.00792,0.00912,0.00696,0.00888,0.00792,0.00888,0.0072,0.00912,0.00768,0.0084,0.00888,0.00864,0.00744,0.00864,0.00816,0.00768,0.00888,0.00864,0.0084,0.00912,0.0072,0.00912,0.0084,0.00672,0.00816,0.00792,0.00792,0.0084,0.0072,0.0072,0.00744,0.00768,0.00864,0.00864,0.00912,0.01176,0.00912,0.01128,0.02256,0.16008,0.19392,0.19272,0.17088,0.18768,0.16128,0.1248,0.10512,0.14208,0.1536,0.13632,0.12216,0.0096,0.01008,0.00864,0.01008,0.00984,0.0084,0.00888,0.00912,0.00816,0.00792,0.00816,0.13032,0.18168,0.16464,0.18024,0.18648,0.15552,0.16368,0.1524,0.10848,0.14808,0.16464,0.16776,0.132,0.06096,0.00816,0.00792,0.00864,0.00888,0.00696,0.00696,0.00768
2/04/2014,0.01804,0.00286,0.00286,0.03564,0.00594,0.00308,0.03498,0.11748,0.04246,0.0484,0.0913,0.0605,0.0484,0.06182,0.07084,0.05126,0.06908,0.05786,0.08206,0.07502,0.00176,0.01804,0.02618,0.02992,0.00176,0.03674,0.00682,0.00198,0.00374,0.0319,0.00176,0.00176,0.0198,0.02354,0.00198,0.00176,0.02838,0.00858,0.0022,0.00154,0.04246,0.03498,0.00176,0.01452,0.03036,0.00176,0.00176,0.02904,0.0143,0.00198,0.00198,0.03806,0.0022,0.00198,0.01298,0.03124,0.01848,0.02332,0.0253,0.01562,0.00176,0.0022,0.03894,0.00176,0.00198,0.01408,0.0286,0.00176,0.00176,0.02464,0.01958,0.02706,0.00198,0.04158,0.00198,0.03586,0.00176,0.00176,0.03146,0.00308,0.00154,0.01518,0.022,0.0022,0.00176,0.0396,0.00616,0.02948,0.01804,0.0198,0.00286,0.00286,0.0429,0.00242,0.00286,0.01958,0.00297,0.00243,0.0027,0.00216,0.00243,0.00216,0.00297,0.00243,0.00243,0.00243,0.0027,0.0027,0.00243,0.00297,0.00216,0.00243,0.0027,0.00243,0.00297,0.00216,0.00216,0.0027,0.00243,0.0027,0.00243,0.0027,0.00243,0.00243,0.00216,0.0027,0.00216,0.00216,0.00243,0.00216,0.00243,0.0027,0.00216,0.0027,0.0027,0.00216,0.0027,0.00297,0.0027,0.00216,0.00216,0.00297,0.0027,0.00243,0.00297,0.00216,0.00243,0.00243,0.0027,0.00243,0.0027,0.0027,0.00243,0.00243,0.00216,0.00297,0.00216,0.0027,0.0027,0.00243,0.0027,0.0027,0.00297,0.00216,0.00216,0.0027,0.00297,0.0027,0.00216,0.00216,0.0027,0.00216,0.00216,0.0027,0.0027,0.00243,0.00216,0.00243,0.0027,0.00243,0.0027,0.00216,0.00216,0.0027,0.0027,0.00216,0.0027,0.0027,0.00243,0.00243,0.00243,0.00297,0.00036,0.00018,0.00036,0.00036,0.00036,0.00018,0.00036,0.00036,0.00036,0.00018,0.00036,0.00036,0.00036,0.00018,0.00036,0.00036,0.00036,0.00018,0.00036,0.00036,0.00018,0.00036,0.00036,0.00036,0.00018,0.00036,0.00036,0.00018,0.00036,0.00036,0.00018,0.00036,0.00036,0.00018,0.00036,0.00036,0.00018,0.00036,0.00036,0.00036,0.00018,0.00036,0.00036,0.00018,0.00036,0.00036,0.00036,0.00018,0.00036,0.00036,0.00018,0.00036,0.00036,0.00036,0.00018,0.00036,0.00036,0.00036,0.00018,0.00036,0.00036,0.00054,0.00036,0.00036,0.00036,0.00036,0.00018,0.00036,0.00036,0.00036,0.00018,0.00036,0.00036,0.00018,0.00036,0.00036,0.00018,0.00036,0.00036,0.00018,0.00036,0.00036,0.00018,0.00036,0.00036,0.00018,0.00036,0.00036,0.00018,0.00036,0.00036,0.00018,0.00036,0.00036,0.00036,0.00018,0.00912,0.00696,0.00864,0.0072,0.0072,0.0084,0.0084,0.0072,0.00792,0.00744,0.00768,0.00864,0.00816,0.00912,0.00768,0.00768,0.00912,0.0084,0.00696,0.00816,0.0084,0.00768,0.00768,0.0072,0.00912,0.00816,0.00696,0.00744,0.00792,0.00864,0.00864,0.00888,0.0084,0.0084,0.00912,0.00888,0.05616,0.17712,0.16608,0.0132,0.00984,0.0096,0.01104,0.01008,0.0096,0.0108,0.00936,0.00936,0.0108,0.01152,0.00936,0.01056,0.0084,0.00696,0.00816,0.0072,0.00864,0.00792,0.00768,0.00888,0.00696,0.14376,0.21888,0.1716,0.19368,0.19176,0.18144,0.1884,0.1848,0.09696,0.12864,0.18384,0.17928,0.19104,0.1812,0.16488,0.20208,0.19536,0.16512,0.19416,0.19296,0.13608,0.20688,0.20376,0.19176,0.18144,0.18192,0.20256,0.03864,0.00912,0.0072,0.00768,0.00792,0.00744,0.0084,0.00864
3/04/2014,0.01936,0.00242,0.00264,0.04312,0.00286,0.00264,0.02156,0.02002,0.03432,0.0242,0.09482,0.04818,0.055,0.09636,0.06138,0.04488,0.07348,0.07216,0.04576,0.0572,0.0286,0.0143,0.00176,0.04092,0.03476,0.0022,0.0022,0.02508,0.00946,0.00176,0.00594,0.0308,0.00176,0.00198,0.03146,0.00836,0.00198,0.00726,0.03344,0.01122,0.0253,0.0275,0.00792,0.00176,0.00902,0.02948,0.00198,0.00198,0.03542,0.00506,0.00154,0.01122,0.0286,0.00176,0.00198,0.03674,0.01958,0.022,0.011,0.02332,0.00176,0.00176,0.03872,0.00176,0.00176,0.01562,0.0363,0.00154,0.00154,0.02002,0.01672,0.00176,0.00176,0.05566,0.03718,0.00748,0.00154,0.00418,0.03014,0.00154,0.00198,0.02486,0.01496,0.00176,0.00176,0.03674,0.00198,0.00176,0.07458,0.06952,0.0561,0.05896,0.08602,0.06798,0.04114,0.0627,0.00216,0.00216,0.00243,0.0027,0.00297,0.00243,0.00297,0.00243,0.00216,0.00243,0.00216,0.00297,0.00243,0.0027,0.00297,0.0027,0.00297,0.00216,0.0027,0.0027,0.00243,0.0027,0.00243,0.0027,0.00243,0.00243,0.00216,0.00243,0.00216,0.0027,0.00243,0.0027,0.00243,0.0027,0.0027,0.00297,0.03672,0.04104,0.00243,0.04644,0.06615,0.06021,0.0027,0.00216,0.00243,0.00297,0.0027,0.00243,0.00243,0.00243,0.0027,0.00297,0.00216,0.0027,0.00216,0.0027,0.0027,0.00243,0.0027,0.0027,0.0027,0.00243,0.00216,0.00243,0.00216,0.00297,0.0027,0.00216,0.00243,0.00243,0.00216,0.00216,0.0027,0.00243,0.00243,0.00243,0.0027,0.00243,0.00243,0.0027,0.00243,0.00216,0.00243,0.00216,0.00297,0.00243,0.00243,0.00216,0.0027,0.0027,0.00243,0.00297,0.00243,0.00243,0.0027,0.00216,0.00036,0.00036,0.00018,0.00036,0.00036,0.00036,0.00018,0.00036,0.00036,0.00036,0.00018,0.00036,0.00036,0.00036,0.00018,0.00036,0.00036,0.00036,0.00018,0.00036,0.00036,0.00036,0.00018,0.00036,0.00036,0.00018,0.00036,0.00036,0.00018,0.00036,0.00036,0.00018,0.00036,0.00036,0.00036,0.00018,0.00036,0.00036,0.00018,0.00036,0.00036,0.00018,0.00036,0.00036,0.73152,0.88038,0.64584,0.34002,0.07506,0.01008,0.00756,0.00144,0.00162,0.00162,0.0018,0.00108,0.00036,0.00036,0.00018,0.00036,0.00036,0.00018,0.00036,0.00036,0.00036,0.00018,0.00036,0.00036,0.00018,0.00036,0.00036,0.00018,0.00036,0.00036,0.00018,0.00036,0.00036,0.00018,0.00036,0.00036,0.00018,0.00036,0.00036,0.00018,0.00036,0.00036,0.00036,0.00018,0.00036,0.00036,0.00018,0.00036,0.00036,0.00036,0.00018,0.00036,0.00696,0.0084,0.00888,0.00696,0.0072,0.00792,0.00888,0.00816,0.00888,0.00816,0.00888,0.00672,0.00696,0.0072,0.00888,0.00696,0.0072,0.00792,0.0072,0.00816,0.0072,0.00648,0.0084,0.0084,0.0084,0.00696,0.0072,0.00744,0.00744,0.00792,0.00816,0.00912,0.01008,0.00744,0.00696,0.00768,0.00912,0.00864,0.0072,0.0084,0.00936,0.20088,0.2088,0.21672,0.22176,0.16392,0.01968,0.012,0.01056,0.01032,0.00912,0.0084,0.00936,0.0084,0.00744,0.00744,0.08064,0.01224,0.0096,0.01104,0.00888,0.00912,0.0084,0.00672,0.1344,0.19848,0.16632,0.2064,0.19104,0.15864,0.19992,0.18768,0.15648,0.21552,0.204,0.18048,0.16368,0.17112,0.1812,0.1536,0.19656,0.13752,0.19128,0.18648,0.18744,0.13608,0.17184,0.1584,0.13344,0.00744,0.00816,0.00768,0.00768,0.0084,0.0084,0.00792
4/04/2014,0.08228,0.0561,0.04928,0.09944,0.05038,0.04312,0.07018,0.08976,0.04774,0.0693,0.07282,0.06336,0.05456,0.04532,0.09394,0.08426,0.07106,0.0704,0.0781,0.05434,0.00198,0.03806,0.00198,0.00242,0.01496,0.02662,0.00176,0.0022,0.03586,0.0066,0.00176,0.0044,0.03586,0.00176,0.00176,0.0286,0.01474,0.00154,0.0066,0.05874,0.00198,0.00198,0.01892,0.02156,0.00176,0.00154,0.03168,0.00286,0.00176,0.00814,0.02728,0.00176,0.00176,0.02816,0.00924,0.0022,0.00396,0.06776,0.0022,0.00176,0.02332,0.0143,0.0022,0.00198,0.03828,0.00198,0.00176,0.01804,0.02508,0.00198,0.00176,0.03564,0.00286,0.02838,0.01804,0.02706,0.00198,0.00176,0.03212,0.01738,0.00154,0.0022,0.0396,0.00308,0.00176,0.00814,0.03014,0.00198,0.00264,0.0253,0.01694,0.00264,0.03102,0.0462,0.00286,0.01562,0.00297,0.00216,0.0027,0.00216,0.00243,0.00216,0.00297,0.00243,0.00243,0.0027,0.0027,0.00216,0.00243,0.00216,0.0027,0.00243,0.0027,0.00243,0.00243,0.00216,0.00243,0.0027,0.00216,0.0027,0.00243,0.00243,0.00297,0.00216,0.00216,0.00243,0.0027,0.09774,0.0027,0.14823,0.05157,0.00729,0.00216,0.00243,0.00243,0.00216,0.00243,0.00216,0.00243,0.0027,0.00243,0.0027,0.00243,0.00216,0.0027,0.00216,0.00243,0.00243,0.00216,0.00243,0.0027,0.00243,0.00216,0.0027,0.00216,0.00216,0.00243,0.0027,0.00216,0.00297,0.00216,0.00243,0.00243,0.00216,0.00216,0.00243,0.0027,0.00243,0.00216,0.00243,0.00216,0.0027,0.0027,0.00216,0.00216,0.00243,0.00243,0.00243,0.00216,0.00216,0.00243,0.00243,0.00216,0.00216,0.00243,0.00189,0.00216,0.00243,0.00216,0.0027,0.0027,0.00243,0.00036,0.00018,0.00036,0.00036,0.00036,0.00036,0.00018,0.00036,0.00036,0.00036,0.00018,0.00036,0.00036,0.00018,0.00036,0.00036,0.00036,0.00018,0.00036,0.00036,0.00036,0.00018,0.00036,0.00036,0.00036,0.00018,0.00036,0.00036,0.00018,0.00036,0.00036,0.00018,0.00036,0.00036,0.00036,0.00018,0.00036,0.00036,0.41256,10.188,103.806,0.79956,0.83754,0.76572,0.05022,0.00864,0.00576,0.00162,0.00108,0.00036,0.00018,0.08424,0.00036,0.00018,0.00036,0.00036,0.00036,0.00018,0.00036,0.00036,0.00036,0.00018,0.00036,0.00036,0.00036,0.00018,0.00036,0.00036,0.00036,0.00018,0.00036,0.00036,0.00036,0.00018,0.00036,0.00036,0.00018,0.00036,0.00036,0.00018,0.00036,0.00036,0.00018,0.00036,0.00036,0.00018,0.00036,0.00036,0.00018,0.00036,0.00036,0.00018,0.00036,0.00036,0.00018,0.00036,0.0072,0.00912,0.0084,0.0084,0.0072,0.00864,0.0072,0.00816,0.00888,0.0084,0.00696,0.00696,0.00768,0.00792,0.00696,0.00912,0.00768,0.00696,0.00672,0.00864,0.00744,0.00744,0.00768,0.00888,0.00696,0.00696,0.00912,0.0084,0.00768,0.0084,0.00888,0.00696,0.01008,0.00864,0.00912,0.0072,0.00744,0.00888,0.00768,0.00792,0.00864,0.01056,0.00792,0.01008,0.00768,0.00912,0.10272,0.11928,0.1836,0.17496,0.17184,0.16224,0.17472,0.17592,0.186,0.16632,0.156,0.17424,0.1404,0.16992,0.19296,0.2016,0.05688,0.00912,0.00792,0.00864,0.00864,0.00792,0.00792,0.00768,0.00768,0.0072,0.00792,0.0504,0.192,0.18576,0.20784,0.17544,0.20472,0.19656,0.1452,0.15048,0.15696,0.15504,0.16488,0.18,0.18792,0.17376,0.1524,0.1728,0.12576,0.00792,0.0072,0.00864,0.0072,0.0072
5/04/2014,0.08668,0.07766,0.04092,0.07546,0.07788,0.05302,0.06138,0.04532,0.08052,0.05896,0.0462,0.06446,0.08162,0.05016,0.04026,0.10538,0.05082,0.08404,0.06776,0.07172,0.0022,0.0022,0.02178,0.0165,0.0022,0.00176,0.03212,0.0022,0.00198,0.00814,0.03256,0.00176,0.00154,0.02442,0.01716,0.00176,0.0022,0.04246,0.00176,0.00198,0.00572,0.03036,0.03828,0.00264,0.01914,0.0198,0.00198,0.00198,0.0385,0.08778,0.09086,0.03036,0.04928,0.03894,0.00176,0.00198,0.0418,0.00176,0.0429,0.02794,0.00154,0.00176,0.02728,0.01232,0.00176,0.00198,0.04114,0.00176,0.00462,0.0495,0.03036,0.03212,0.00968,0.0418,0.00154,0.01914,0.03014,0.00198,0.00176,0.01496,0.03674,0.00154,0.00176,0.01232,0.04158,0.01672,0.0198,0.00726,0.0462,0.0022,0.00264,0.00748,0.04158,0.0022,0.00264,0.00682,0.00243,0.0027,0.0027,0.00216,0.00216,0.00243,0.0027,0.0027,0.00243,0.00243,0.00297,0.00216,0.00243,0.00216,0.00243,0.0027,0.00243,0.0027,0.00216,0.00216,0.00243,0.00243,0.00216,0.00243,0.0027,0.00216,0.00243,0.0027,0.00243,0.0027,0.00243,0.0027,0.00243,0.09558,0.03132,0.00216,0.04995,0.17901,0.01944,0.00243,0.00216,0.00243,0.0027,0.00216,0.00243,0.00243,0.00216,0.0027,0.0027,0.00243,0.0027,0.00216,0.0027,0.00297,0.0027,0.0027,0.00243,0.00297,0.00243,0.0027,0.00297,0.00243,0.0027,0.0027,0.0027,0.0027,0.00297,0.00216,0.0027,0.00243,0.0027,0.00243,0.00216,0.0027,0.0027,0.00216,0.00216,0.0027,0.00243,0.00216,0.0027,0.0027,0.0027,0.00216,0.00297,0.00216,0.00243,0.0027,0.00243,0.0027,0.00216,0.0027,0.0027,0.0027,0.00243,0.0027,0.00036,0.00018,0.00036,0.00036,0.00036,0.00018,0.00036,0.00036,0.00036,0.00018,0.00036,0.00036,0.00036,0.00018,0.00036,0.00036,0.00036,0.00018,0.00036,0.00036,0.00036,0.00018,0.00036,0.00036,0.00018,0.00036,0.00036,0.00018,0.00036,0.00036,0.00018,0.00036,0.00036,0.00036,0.00018,0.00036,0.00036,0.00018,0.00036,0.00036,0.00018,0.00036,0.00036,0.00036,0.00018,0.00036,0.00036,0.00018,0.00036,0.00036,0.00036,0.00018,0.00036,0.00036,0.00036,0.00018,0.00036,0.00036,0.00036,0.00018,0.00036,0.00036,0.00036,0.00018,0.00036,0.00036,0.00036,0.00018,0.00036,0.00036,0.00018,0.00036,0.00036,0.00018,0.00036,0.00036,0.00018,0.00036,0.00036,0.00018,0.00036,0.00036,0.00036,0.00018,0.00036,0.00036,0.00018,0.00036,0.00036,0.00018,0.00036,0.00036,0.00036,0.00018,0.00036,0.00036,0.00792,0.00768,0.00768,0.0084,0.00696,0.0072,0.00888,0.00696,0.00672,0.00864,0.00672,0.0084,0.00792,0.00792,0.00696,0.00816,0.00792,0.0072,0.0072,0.00696,0.0084,0.00768,0.00696,0.0084,0.00864,0.00768,0.00792,0.00744,0.0072,0.00864,0.0072,0.00696,0.00984,0.00696,0.00888,0.00888,0.0072,0.00816,0.00864,0.0084,0.0084,0.00864,0.00816,0.00816,0.0084,0.00816,0.00792,0.0108,0.01128,0.01152,0.0108,0.0084,0.00912,0.00816,0.0072,0.00888,0.00816,0.00888,0.00864,0.00864,0.00768,0.00864,0.00768,0.0084,0.00864,0.00888,0.00792,0.00912,0.00672,0.00768,0.00864,0.0072,0.00768,0.0072,0.00888,0.09888,0.19032,0.17424,0.17352,0.20064,0.18192,0.15528,0.17232,0.16488,0.16392,0.18312,0.17688,0.15672,0.14784,0.1572,0.06936,0.00792,0.00888,0.00864,0.00888,0.00672
6/04/2014,0.03894,0.04708,0.04796,0.0594,0.0825,0.0407,0.07876,0.07546,0.09592,0.0583,0.05236,0.06006,0.09944,0.04246,0.044,0.08162,0.09152,0.0473,0.0682,0.05346,0.03124,0.00176,0.0022,0.01122,0.02882,0.01738,0.01716,0.01254,0.03366,0.00176,0.0022,0.01584,0.02662,0.00176,0.0022,0.01474,0.03124,0.00198,0.00198,0.01452,0.02442,0.00176,0.0022,0.0143,0.02398,0.00176,0.01716,0.03388,0.02684,0.00154,0.00198,0.01452,0.02662,0.00198,0.00154,0.01804,0.02882,0.00154,0.00176,0.01474,0.02948,0.00176,0.00154,0.01562,0.02684,0.0022,0.0022,0.04708,0.03168,0.0022,0.0022,0.01936,0.02398,0.00176,0.00176,0.02068,0.02816,0.00176,0.00176,0.00924,0.03872,0.00176,0.00198,0.00308,0.03718,0.00198,0.00616,0.0275,0.04774,0.00264,0.00242,0.00264,0.03762,0.0077,0.00242,0.00242,0.0027,0.00243,0.00243,0.00243,0.0027,0.00216,0.00216,0.0027,0.00216,0.0027,0.00243,0.00216,0.00243,0.00243,0.00243,0.00216,0.00297,0.0027,0.00243,0.00216,0.00243,0.00216,0.00243,0.00216,0.00216,0.00216,0.00243,0.00243,0.0027,0.00243,0.00243,0.00243,0.0027,0.0027,0.00243,0.00189,0.0027,0.00243,0.00216,0.00243,0.00216,0.00216,0.00243,0.0027,0.00216,0.00216,0.0027,0.00243,0.00216,0.00216,0.0027,0.00216,0.00243,0.0027,0.0027,0.00243,0.00216,0.00243,0.00297,0.00216,0.00216,0.00216,0.0027,0.0027,0.00243,0.00243,0.00243,0.00243,0.00243,0.00216,0.00216,0.00243,0.00243,0.0027,0.00216,0.00243,0.00216,0.00243,0.00216,0.08127,0.00216,0.10314,0.15228,0.00243,0.00216,0.00243,0.0027,0.0027,0.00243,0.0027,0.0027,0.0027,0.00216,0.0027,0.00216,0.0027,0.00018,0.00036,0.00036,0.00018,0.00036,0.00036,0.00036,0.00018,0.00036,0.00036,0.00036,0.00018,0.00036,0.00036,0.00036,0.00018,0.00036,0.00036,0.00036,0.00018,0.00036,0.00036,0.00036,0.00018,0.00036,0.00036,0.00018,0.00036,0.00036,0.00018,0.00036,0.00036,0.00036,0.00018,0.00036,0.00036,0.00018,0.00036,0.00036,0.00018,0.00036,0.00036,0.00018,0.00036,0.00036,0.00036,0.00018,0.00036,0.00036,0.00018,0.00036,0.00036,0.00018,0.00036,0.00036,0.00018,0.00036,0.00036,0.00036,0.00018,0.00036,0.00036,0.00018,0.00036,0.00036,0.00036,0.00018,0.00036,0.00036,0.00018,0.00036,0.00036,0.00018,0.00036,0.00036,0.00018,0.00036,0.00036,0.00018,0.00036,0.00036,0.00018,0.00036,0.00036,0.00018,0.00036,0.00036,0.65466,0.8424,114.012,0.86148,0.43884,0.00018,0.00036,0.00036,0.03366,0.0084,0.00696,0.0072,0.00864,0.00672,0.00768,0.00912,0.00768,0.0072,0.00744,0.0084,0.00672,0.00888,0.0084,0.00888,0.00672,0.00744,0.00864,0.0084,0.00816,0.00888,0.00744,0.00768,0.00816,0.00816,0.0084,0.00888,0.00696,0.00768,0.00696,0.00744,0.00816,0.00792,0.00936,0.0084,0.00672,0.00888,0.00936,0.00768,0.00912,0.00768,0.00696,0.00672,0.00744,0.00792,0.0072,0.00744,0.00816,0.00768,0.00768,0.0084,0.00768,0.01344,0.09432,0.00888,0.00792,0.00744,0.00744,0.00888,0.00768,0.00744,0.00792,0.00816,0.0084,0.00792,0.0084,0.00912,0.00864,0.00864,0.0084,0.00864,0.00744,0.00792,0.00864,0.00984,0.16968,0.19608,0.17808,0.1644,0.19032,0.19632,0.1548,0.17976,0.14424,0.15576,0.11808,0.1068,0.01032,0.0084,0.00912,0.01056,0.01056,0.00864,0.01032,0.00696,0.0084
7/04/2014,0.0286,0.05852,0.04092,0.06358,0.077,0.05698,0.06732,0.0495,0.05588,0.0836,0.04708,0.05082,0.08668,0.08272,0.06732,0.09548,0.05434,0.07678,0.07392,0.03982,0.00286,0.04026,0.00198,0.0022,0.00154,0.04136,0.00176,0.00176,0.0022,0.04158,0.00748,0.00176,0.00176,0.03014,0.01518,0.00176,0.00176,0.02156,0.02288,0.00176,0.02772,0.01628,0.00176,0.00176,0.02266,0.0176,0.0022,0.00154,0.03322,0.03168,0.00176,0.00176,0.02838,0.01496,0.00176,0.00176,0.02684,0.0154,0.00198,0.00198,0.02508,0.01386,0.00176,0.00198,0.02266,0.01518,0.0022,0.00176,0.02442,0.01496,0.00176,0.00154,0.0319,0.0121,0.03982,0.0264,0.0132,0.00176,0.00176,0.02068,0.02068,0.00154,0.00154,0.01804,0.0275,0.00176,0.00176,0.00836,0.03718,0.00264,0.0022,0.05148,0.08338,0.06688,0.04994,0.0418,0.00243,0.00243,0.0027,0.00297,0.0027,0.0027,0.00243,0.00216,0.0027,0.0027,0.00243,0.00216,0.0027,0.00243,0.00243,0.0027,0.00297,0.0027,0.00216,0.0027,0.00243,0.00216,0.00297,0.00216,0.0027,0.00216,0.00243,0.0027,0.00243,0.00297,0.00216,0.00243,0.0027,0.00243,0.0027,0.00216,0.00189,0.00243,0.00216,0.00243,0.00243,0.00216,0.00243,0.00216,0.00216,0.0027,0.00216,0.00216,0.00216,0.00243,0.00243,0.00216,0.00216,0.00216,0.0027,0.00216,0.0027,0.00189,0.00243,0.00243,0.00243,0.00243,0.00216,0.00243,0.00243,0.00243,0.00216,0.00216,0.00216,0.00243,0.00216,0.00243,0.00243,0.0027,0.00216,0.0027,0.00243,0.00243,0.00243,0.00189,0.00243,0.00243,0.00216,0.00216,0.0027,0.0027,0.00243,0.00243,0.00216,0.00243,0.00216,0.00243,0.00243,0.00243,0.00216,0.0027,0.00648,0.00036,0.00018,0.00036,0.00036,0.00018,0.00036,0.00036,0.00036,0.00018,0.00036,0.00036,0.00036,0.00018,0.00036,0.00036,0.00036,0.00018,0.00036,0.00036,0.00036,0.00018,0.00036,0.00036,0.00036,0.00018,0.00036,0.00036,0.00036,0.00018,0.00036,0.00036,0.00018,0.00036,0.00036,0.00036,0.00018,0.00036,0.00036,0.00018,0.00036,0.00018,0.00036,0.00036,0.00036,0.00018,0.00036,0.00018,0.00036,0.00036,0.00018,0.00036,0.00036,0.00018,0.00036,0.00036,0.00018,0.00036,0.00036,0.00036,0.00018,0.00036,0.00036,0.00018,0.00036,0.00036,0.00018,0.00036,0.00036,0.00036,0.00018,0.00036,0.00036,0.00018,0.00036,0.00018,0.00036,0.00036,0.00018,0.00036,0.00036,0.00018,0.00036,0.00036,0.00018,0.00036,0.00036,0.00054,0.00036,0.00054,0.00054,0.00036,0.00036,0.00018,0.00036,0.00036,0.00912,0.00744,0.0084,0.0084,0.00816,0.00888,0.00744,0.00816,0.00696,0.00888,0.00744,0.0072,0.0072,0.00792,0.00696,0.00816,0.0084,0.0072,0.00816,0.00888,0.0084,0.00912,0.00672,0.00792,0.00768,0.10896,0.14688,0.14856,0.12048,0.18408,0.18864,0.20304,0.19296,0.19272,0.20256,0.11136,0.1416,0.13704,0.13272,0.102,0.09384,0.12528,0.10776,0.16272,0.17136,0.17592,0.17016,0.1764,0.1524,0.15528,0.16656,0.16488,0.2028,0.1944,0.18864,0.18264,0.18048,0.13128,0.15768,0.14472,0.13704,0.12168,0.14064,0.15336,0.19392,0.17064,0.17136,0.19536,0.19032,0.1872,0.18216,0.17976,0.17208,0.16272,0.2112,0.2124,0.18144,0.18888,0.20016,0.17616,0.19224,0.16032,0.18672,0.192,0.1788,0.16704,0.17472,0.18744,0.10416,0.00768,0.00696,0.0072,0.00816,0.00888,0.00816,0.00864
8/04/2014,0.08514,0.0594,0.04356,0.06204,0.07348,0.05654,0.0704,0.08404,0.06138,0.07282,0.04796,0.04092,0.06644,0.06314,0.0462,0.0627,0.07458,0.07964,0.0594,0.05236,0.01166,0.0308,0.00198,0.00154,0.0055,0.0418,0.00198,0.00154,0.0022,0.03828,0.00176,0.0022,0.00198,0.03608,0.00484,0.00176,0.00198,0.02948,0.00946,0.00198,0.00616,0.05544,0.0165,0.00176,0.0022,0.0209,0.02024,0.00176,0.00176,0.01144,0.0341,0.00176,0.0022,0.00594,0.03212,0.00176,0.00176,0.00264,0.0462,0.00198,0.00176,0.00198,0.03938,0.00616,0.00176,0.0022,0.033,0.0429,0.00286,0.00198,0.02552,0.01958,0.00198,0.00176,0.0165,0.02398,0.03454,0.00198,0.01716,0.0308,0.00198,0.00198,0.00176,0.04356,0.00198,0.00176,0.00154,0.03322,0.0132,0.00242,0.03982,0.01958,0.02332,0.00242,0.00286,0.00836,0.00216,0.00297,0.00243,0.0027,0.00243,0.0027,0.0027,0.00216,0.00216,0.00243,0.00216,0.00243,0.00297,0.00216,0.00243,0.0027,0.00216,0.00297,0.00243,0.00243,0.00243,0.00243,0.00243,0.00216,0.00243,0.0027,0.0027,0.0027,0.00243,0.00216,0.00243,0.0027,0.00216,0.00216,0.0027,0.00243,0.0027,0.00216,0.00243,0.00297,0.04185,0.06561,0.00216,0.08856,0.09342,0.0027,0.0027,0.0027,0.00297,0.00243,0.00216,0.00216,0.0027,0.00216,0.00297,0.0027,0.00243,0.00216,0.00243,0.00243,0.00297,0.00216,0.0027,0.0027,0.0027,0.00243,0.00243,0.00243,0.0027,0.00243,0.00243,0.0027,0.00216,0.0027,0.00243,0.0027,0.00189,0.00243,0.0027,0.0027,0.00216,0.00189,0.00216,0.0027,0.00216,0.00243,0.00243,0.00243,0.00189,0.00216,0.0027,0.00243,0.00243,0.0027,0.0027,0.00243,0.00054,0.00018,0.00036,0.00036,0.00018,0.00036,0.00036,0.00036,0.00018,0.00036,0.00036,0.00036,0.00018,0.00036,0.00036,0.00018,0.00036,0.00036,0.00036,0.00018,0.00036,0.00036,0.00018,0.00036,0.00036,0.00036,0.00018,0.00036,0.00036,0.00018,0.00036,0.00036,0.00018,0.00036,0.00036,0.00036,0.00018,0.00036,0.00036,0.00018,0.00036,0.00036,0.00036,0.00018,0.00036,0.00036,0.00036,0.00018,0.00036,0.00036,0.00036,0.00018,0.00036,0.64818,0.84168,0.86976,107.226,0.97902,0.99486,0.08802,0.89622,0.79848,0.46908,0.39312,0.06156,0.00702,0.00036,0.00018,0.00036,0.00036,0.00018,0.00036,0.00036,0.00018,0.00036,0.00018,0.00036,0.00036,0.00018,0.00036,0.00036,0.00018,0.00036,0.00036,0.00018,0.00036,0.00036,0.00018,0.00036,0.00036,0.00018,0.00036,0.00036,0.00018,0.00036,0.00036,0.00696,0.00672,0.00744,0.00816,0.00696,0.0084,0.0096,0.00864,0.00864,0.00816,0.0084,0.00888,0.0084,0.00696,0.00864,0.00864,0.00864,0.00888,0.00864,0.00744,0.00816,0.00672,0.00696,0.00864,0.00744,0.00816,0.00744,0.00864,0.00792,0.06792,0.1044,0.11184,0.1176,0.09768,0.114,0.14976,0.12312,0.13344,0.19584,0.18768,0.1332,0.00816,0.0084,0.00792,0.00792,0.00816,0.00768,0.01008,0.00912,0.0108,0.00936,0.05808,0.16992,0.1752,0.17064,0.18768,0.174,0.17616,0.16704,0.17664,0.01632,0.00744,0.00768,0.00696,0.0084,0.00696,0.00768,0.00816,0.00888,0.00792,0.02328,0.20448,0.21288,0.20472,0.20232,0.16752,0.21792,0.19968,0.20736,0.19512,0.16392,0.16224,0.19296,0.19944,0.17688,0.15864,0.17112,0.15312,0.1524,0.19512,0.15312,0.16056,0.17712,0.03672,0.00768,0.00744
9/04/2014,0.03278,0.00286,0.00264,0.00308,0.03872,0.00264,0.00264,0.00242,0.03718,0.00968,0.00286,0.00242,0.02288,0.02156,0.00286,0.00308,0.01804,0.02464,0.00286,0.00242,0.00814,0.03234,0.00198,0.00198,0.00154,0.044,0.00176,0.00176,0.00198,0.03432,0.00506,0.00176,0.00154,0.0308,0.01628,0.00176,0.0022,0.01936,0.0231,0.00198,0.00154,0.01276,0.033,0.00176,0.0022,0.00528,0.03366,0.0022,0.0022,0.00616,0.07436,0.00198,0.00176,0.0022,0.03828,0.00638,0.00198,0.00176,0.02684,0.011,0.00198,0.00198,0.0209,0.01826,0.00198,0.00176,0.01848,0.02442,0.0022,0.01166,0.03784,0.00616,0.02772,0.00198,0.04158,0.0066,0.0396,0.04642,0.02442,0.00176,0.00198,0.00198,0.02574,0.0451,0.01782,0.0022,0.00198,0.00176,0.0165,0.04246,0.04576,0.0968,0.10692,0.03278,0.0748,0.0495,0.00216,0.0027,0.0027,0.0027,0.0027,0.0027,0.00243,0.00216,0.0027,0.0027,0.00216,0.00243,0.00216,0.00297,0.0027,0.00243,0.00243,0.0027,0.00243,0.00216,0.0027,0.00243,0.0027,0.00216,0.00216,0.00243,0.00216,0.0027,0.00216,0.00243,0.0027,0.00216,0.0027,0.00216,0.00243,0.00297,0.0027,0.00243,0.0027,0.00297,0.0027,0.00216,0.00243,0.00243,0.00243,0.0027,0.0027,0.0027,0.00216,0.0027,0.00243,0.00243,0.00243,0.00243,0.00243,0.0027,0.0027,0.00216,0.00216,0.04941,0.00243,0.0027,0.00297,0.07884,0.05022,0.00675,0.05805,0.00243,0.00243,0.04455,0.07668,0.00918,0.00216,0.0027,0.0027,0.00216,0.00216,0.00243,0.00216,0.00216,0.00216,0.00216,0.00216,0.00243,0.0027,0.00243,0.00243,0.0027,0.00216,0.0027,0.00243,0.0027,0.00216,0.00216,0.00243,0.0027,0.00036,0.00018,0.00036,0.00036,0.00018,0.00036,0.00036,0.00036,0.00018,0.00036,0.00036,0.00018,0.00036,0.00036,0.00036,0.00018,0.00036,0.00036,0.00018,0.00036,0.00036,0.00036,0.00018,0.00036,0.00036,0.00018,0.00036,0.00036,0.00018,0.00036,0.00036,0.00018,0.00036,0.00036,0.00036,0.00018,0.00036,0.00036,0.00036,0.00018,0.00036,0.00036,0.00036,0.00018,0.00036,0.00036,0.00036,0.00018,0.00036,0.00036,0.00036,0.00018,0.00036,0.00036,0.00036,0.00036,0.00018,0.00036,0.00036,0.00018,0.00036,0.00036,0.00036,0.00018,0.00036,0.00036,0.88308,0.86238,0.81612,0.65556,0.40482,0.44046,0.05418,0.00036,0.00036,0.00018,0.00036,0.00036,0.00018,0.00036,0.00036,0.00018,0.00036,0.00036,0.00018,0.00036,0.00036,0.00018,0.00036,0.00036,0.00018,0.00036,0.00036,0.00018,0.00036,0.00036,0.00792,0.00816,0.00744,0.00792,0.0072,0.00672,0.00672,0.00696,0.00696,0.00744,0.0072,0.00768,0.00888,0.00744,0.00864,0.00768,0.00768,0.00792,0.00744,0.00888,0.0084,0.00696,0.0084,0.00792,0.00816,0.00744,0.0084,0.00672,0.03408,0.10704,0.1284,0.0708,0.00864,0.00744,0.00864,0.00696,0.0084,0.00864,0.0084,0.00672,0.00912,0.00792,0.00864,0.01032,0.00816,0.00816,0.14112,0.144,0.1512,0.19464,0.20448,0.2064,0.21,0.20328,0.18432,0.18792,0.17568,0.138,0.15648,0.14688,0.1716,0.21096,0.20136,0.15216,0.00816,0.00744,0.00864,0.0072,0.0084,0.00888,0.00696,0.00696,0.00696,0.0072,0.0096,0.00768,0.14496,0.2004,0.17496,0.19248,0.16344,0.14208,0.17424,0.19368,0.1944,0.16248,0.16488,0.1632,0.2004,0.17544,0.1416,0.20328,0.1548,0.1788,0.06072,0.00792
10/04/2014,0.0495,0.03212,0.00242,0.00264,0.00308,0.03498,0.02618,0.00264,0.00264,0.00286,0.02992,0.02838,0.00308,0.00286,0.00286,0.01738,0.03256,0.0033,0.00308,0.00242,0.01232,0.044,0.00176,0.00176,0.0022,0.00748,0.04356,0.00198,0.00176,0.00198,0.00308,0.0484,0.00198,0.00198,0.00198,0.00154,0.05258,0.0033,0.00198,0.00198,0.0022,0.0407,0.00242,0.00176,0.00176,0.00352,0.04444,0.00176,0.00198,0.0022,0.00682,0.04092,0.0022,0.01276,0.02464,0.011,0.03806,0.00176,0.00198,0.0022,0.01518,0.0297,0.00198,0.00154,0.00176,0.01958,0.03014,0.0022,0.00198,0.00176,0.0253,0.02134,0.00154,0.0154,0.0209,0.03454,0.00198,0.00176,0.00176,0.02486,0.01848,0.00198,0.00176,0.0022,0.03696,0.0044,0.00176,0.00198,0.01342,0.03124,0.0022,0.0022,0.0022,0.02948,0.01826,0.00286,0.00297,0.00243,0.0027,0.00216,0.00243,0.0027,0.00243,0.00216,0.00216,0.00243,0.00216,0.0027,0.00216,0.00243,0.00243,0.00216,0.00216,0.00297,0.00243,0.0027,0.00216,0.0027,0.00216,0.00216,0.00243,0.00216,0.0027,0.00216,0.0027,0.00216,0.00243,0.0027,0.0027,0.00243,0.00243,0.00243,0.00243,0.00243,0.00243,0.00216,0.00243,0.0027,0.0027,0.00243,0.00297,0.00243,0.00297,0.0027,0.00243,0.0027,0.0027,0.00243,0.0027,0.00297,0.0027,0.0027,0.00216,0.00243,0.00243,0.00297,0.0027,0.0027,0.0027,0.00243,0.00297,0.00243,0.08181,0.01269,0.00243,0.0027,0.26541,0.15633,0.11178,0.00756,0.0027,0.00243,0.00243,0.02592,0.00216,0.01917,0.0027,0.02835,0.05886,0.00756,0.00243,0.00243,0.0027,0.00297,0.00243,0.00243,0.0027,0.00297,0.00243,0.0027,0.00243,0.00243,0.00036,0.00018,0.00036,0.00036,0.00036,0.00018,0.00036,0.00036,0.00018,0.00036,0.00036,0.00018,0.00036,0.00036,0.00036,0.00018,0.00036,0.00036,0.00036,0.00018,0.00036,0.00036,0.00018,0.00036,0.00036,0.00018,0.00036,0.00036,0.00036,0.00018,0.00036,0.00036,0.00018,0.00036,0.00036,0.00018,0.00036,0.00036,0.00036,0.00018,0.00036,0.00036,0.00036,0.00018,0.00036,0.00036,0.00018,0.00036,0.00036,0.00036,0.00036,0.00018,0.00036,0.00036,0.00036,0.00018,0.00036,0.00036,0.00036,0.00018,0.00036,0.00036,0.00036,0.00036,0.00018,0.00036,0.00036,0.00018,0.00036,0.00036,0.00036,0.00018,0.00036,0.00036,0.00018,0.00036,0.00036,0.00018,0.00036,0.00036,0.00018,0.00036,0.00036,0.00018,0.00036,0.00036,0.00018,0.00036,0.00036,0.00036,0.00018,0.00036,0.00036,0.00018,0.00036,0.00036,0.00912,0.00744,0.14352,0.15888,0.11304,0.11784,0.08136,0.00864,0.00768,0.00744,0.00864,0.00768,0.00672,0.00768,0.00816,0.00792,0.0084,0.00816,0.00744,0.00744,0.00768,0.0084,0.00816,0.00672,0.00888,0.00864,0.00744,0.00696,0.0084,0.0084,0.00864,0.00696,0.00768,0.0084,0.0084,0.00888,0.00888,0.00792,0.00864,0.0072,0.00888,0.00888,0.0072,0.02784,0.16704,0.13776,0.1488,0.1356,0.13536,0.12672,0.13656,0.10632,0.15408,0.11664,0.13752,0.13056,0.162,0.11736,0.1596,0.13968,0.15888,0.16368,0.16176,0.11784,0.17376,0.09816,0.12336,0.14064,0.15336,0.14496,0.14496,0.12528,0.11136,0.12888,0.19296,0.2124,0.1956,0.21384,0.20376,0.1692,0.17376,0.1488,0.16536,0.19272,0.1776,0.15384,0.15216,0.17256,0.1296,0.13752,0.05808,0.00888,0.00864,0.00672,0.00768,0.00744
11/04/2014,0.03894,0.04906,0.0858,0.04246,0.04642,0.08536,0.06534,0.07722,0.07018,0.04994,0.04114,0.08712,0.06138,0.0517,0.0638,0.05236,0.09438,0.06996,0.04972,0.04158,0.0308,0.02244,0.00198,0.00198,0.00176,0.0407,0.0044,0.00198,0.00198,0.0154,0.0374,0.00198,0.00198,0.00176,0.02838,0.02046,0.00176,0.0022,0.00176,0.04048,0.01364,0.02222,0.00176,0.01584,0.03608,0.00176,0.0022,0.00154,0.02838,0.01694,0.0022,0.00198,0.00176,0.0418,0.00242,0.00176,0.00198,0.01672,0.03212,0.00198,0.0253,0.0132,0.033,0.01628,0.0022,0.00176,0.0033,0.04048,0.0022,0.0022,0.00198,0.02288,0.02486,0.00198,0.00198,0.00176,0.03982,0.0121,0.0242,0.00792,0.00506,0.04136,0.00154,0.00198,0.00176,0.02266,0.02618,0.00154,0.0022,0.0022,0.0363,0.01122,0.00264,0.00286,0.00792,0.04774,0.0027,0.0027,0.00243,0.0027,0.00243,0.00243,0.0027,0.0027,0.0027,0.00243,0.00216,0.00297,0.00297,0.00216,0.00297,0.00243,0.00243,0.00243,0.00243,0.0027,0.00297,0.00243,0.0027,0.00243,0.0027,0.0027,0.0027,0.00216,0.00243,0.00297,0.00216,0.0027,0.0027,0.04887,0.02268,0.02052,0.14256,0.0648,0.00243,0.00297,0.00243,0.01134,0.081,0.00216,0.00216,0.00216,0.06696,0.06993,0.06291,0.00243,0.00297,0.00243,0.00243,0.0027,0.00243,0.0027,0.00216,0.00243,0.00216,0.0459,0.00243,0.06642,0.04563,0.00243,0.0027,0.0027,0.00216,0.0027,0.00216,0.00243,0.00243,0.00216,0.00243,0.00216,0.00243,0.00216,0.00243,0.00243,0.0027,0.00297,0.00216,0.00216,0.00216,0.0027,0.00216,0.0027,0.0027,0.00216,0.0027,0.00216,0.00216,0.00216,0.00216,0.0027,0.00243,0.0027,0.00018,0.00036,0.00036,0.00036,0.00018,0.00036,0.00036,0.00036,0.00018,0.00036,0.00036,0.00036,0.00018,0.00036,0.00036,0.00036,0.00018,0.00036,0.00036,0.00036,0.00018,0.00036,0.00036,0.00036,0.00018,0.00036,0.00036,0.00018,0.00036,0.00036,0.00018,0.00036,0.00036,0.00036,0.00018,0.00036,0.00036,0.00018,0.00036,0.00036,0.00018,0.00036,0.00036,0.00036,0.00018,0.00036,0.00036,0.00018,0.00036,0.00036,0.00036,0.00018,0.00036,0.00036,0.00036,0.00018,0.00036,0.99234,0.99234,0.76518,0.50058,0.41724,0.19638,0.00792,0.00756,0.0009,0.00036,0.00018,0.00036,0.00036,0.00018,0.00036,0.00036,0.00036,0.00018,0.00036,0.00018,0.00036,0.00036,0.00036,0.00018,0.00036,0.00036,0.00018,0.00036,0.00036,0.00018,0.00036,0.00036,0.00018,0.00036,0.00036,0.00018,0.00036,0.00036,0.00018,0.0084,0.00816,0.00816,0.00744,0.00792,0.00816,0.0084,0.00672,0.00792,0.00792,0.00792,0.00864,0.00768,0.00744,0.00696,0.00768,0.00816,0.00696,0.00696,0.0084,0.00648,0.00792,0.00888,0.00696,0.00744,0.0072,0.0084,0.00744,0.00768,0.00936,0.00816,0.00936,0.0084,0.00864,0.0084,0.0072,0.00792,0.00888,0.00768,0.00888,0.00768,0.0084,0.00864,0.0084,0.00768,0.00984,0.00792,0.00912,0.01176,0.00912,0.01176,0.01008,0.16224,0.17232,0.2016,0.1536,0.16848,0.15096,0.13896,0.14064,0.168,0.1668,0.19728,0.13296,0.1404,0.12552,0.1128,0.12672,0.1116,0.11376,0.1356,0.12312,0.13152,0.16104,0.19776,0.16272,0.18528,0.21384,0.21504,0.204,0.16008,0.12336,0.19704,0.19248,0.1896,0.19824,0.14424,0.16584,0.13584,0.09528,0.00792,0.00816,0.00768,0.00792,0.00864,0.1416
12/04/2014,0.00286,0.00242,0.00308,0.022,0.03124,0.00308,0.00308,0.0033,0.04246,0.01188,0.0033,0.00308,0.00616,0.04598,0.01188,0.02464,0.00308,0.0198,0.0275,0.00264,0.00198,0.0022,0.03322,0.0132,0.00176,0.00198,0.00176,0.04092,0.00198,0.00176,0.00198,0.01562,0.0308,0.0022,0.00154,0.0022,0.02992,0.0231,0.00154,0.00176,0.00176,0.03278,0.01034,0.00176,0.00176,0.00374,0.0374,0.0022,0.00176,0.0022,0.01496,0.0319,0.0022,0.00198,0.0022,0.02662,0.02288,0.00176,0.0022,0.02464,0.044,0.00638,0.00198,0.00198,0.01144,0.03322,0.02024,0.01232,0.00154,0.00198,0.03542,0.00572,0.00198,0.0022,0.03454,0.0033,0.0022,0.00154,0.04136,0.00176,0.00176,0.00154,0.0495,0.01892,0.00198,0.00176,0.04026,0.00198,0.00242,0.00484,0.04026,0.00308,0.00242,0.00704,0.02926,0.00286,0.00243,0.00297,0.00243,0.00243,0.00216,0.0027,0.00216,0.00216,0.00243,0.00216,0.00243,0.0027,0.00297,0.00243,0.00243,0.00216,0.0027,0.00243,0.00297,0.00216,0.00243,0.0027,0.00243,0.00243,0.0027,0.00297,0.00243,0.00216,0.00243,0.0027,0.00243,0.06858,0.00432,0.04428,0.20304,0.00918,0.00216,0.0027,0.00216,0.00216,0.00243,0.00243,0.0027,0.00297,0.00216,0.00297,0.00216,0.00243,0.00243,0.00243,0.00297,0.00243,0.0027,0.00243,0.00297,0.00216,0.0027,0.0027,0.00243,0.00243,0.0027,0.0027,0.00216,0.00243,0.00297,0.00243,0.00243,0.00297,0.00243,0.00243,0.00216,0.0027,0.00216,0.00243,0.00216,0.00243,0.0027,0.00216,0.0027,0.00216,0.00216,0.00243,0.00216,0.0027,0.0027,0.0027,0.00297,0.0027,0.0027,0.0027,0.00216,0.00243,0.00243,0.00243,0.00243,0.00216,0.00036,0.00036,0.00036,0.00018,0.00036,0.00036,0.00036,0.00018,0.00036,0.00036,0.00036,0.00018,0.00036,0.00036,0.00036,0.00018,0.00036,0.00036,0.00036,0.00018,0.00036,0.00036,0.00018,0.00036,0.00036,0.00036,0.00018,0.00036,0.00036,0.00018,0.00036,0.00036,0.00018,0.00036,0.00036,0.00018,0.00036,0.00036,0.00018,0.00036,0.00036,0.00036,0.00018,0.00036,0.00036,0.00036,0.00018,0.00036,0.00036,0.00018,0.00036,0.00036,0.00036,0.00018,0.00054,0.00054,0.00036,0.00054,0.00054,0.00036,0.00054,0.00054,0.00036,0.00054,0.00054,0.00036,0.00036,0.00018,0.00036,0.00036,0.00018,0.00036,0.00036,0.00018,0.00036,0.00036,0.00018,0.00036,0.00036,0.00018,0.00036,0.00036,0.00018,0.00036,0.00036,0.00036,0.00018,0.00036,0.00036,0.00018,0.00036,0.00036,0.00018,0.00036,0.00036,0.00018,0.11064,0.16968,0.02184,0.00888,0.00696,0.00768,0.00888,0.00672,0.00864,0.00816,0.00864,0.00816,0.00912,0.00792,0.0072,0.00912,0.00888,0.00744,0.00888,0.0072,0.00696,0.00744,0.00888,0.00912,0.00864,0.00912,0.12264,0.14304,0.12048,0.13512,0.01008,0.00888,0.0084,0.00888,0.0084,0.00864,0.00696,0.00696,0.00744,0.00888,0.01008,0.00888,0.00816,0.00792,0.00936,0.0084,0.00792,0.01008,0.01008,0.01176,0.01128,0.13152,0.20736,0.12936,0.11496,0.08664,0.00672,0.00792,0.0072,0.00768,0.00888,0.00696,0.00888,0.00816,0.00744,0.00744,0.00912,0.00792,0.0072,0.00792,0.00936,0.00744,0.00912,0.00792,0.00864,0.00744,0.01416,0.18792,0.15144,0.19872,0.16752,0.14928,0.14112,0.19776,0.15936,0.15288,0.18288,0.18288,0.16104,0.18048,0.00936,0.00744,0.0084,0.00696,0.00864,0.00696
13/04/2014,0.00242,0.01166,0.02706,0.00242,0.00286,0.01232,0.04466,0.0704,0.04136,0.0561,0.08118,0.04664,0.05236,0.08338,0.08008,0.04378,0.04818,0.0836,0.0715,0.05038,0.00242,0.02816,0.0132,0.00154,0.00198,0.03036,0.01166,0.0022,0.00198,0.02992,0.00946,0.0022,0.0022,0.02992,0.0055,0.00176,0.00198,0.0407,0.0044,0.00198,0.00154,0.03234,0.0022,0.00176,0.0022,0.03432,0.00198,0.02794,0.0077,0.03432,0.00198,0.00176,0.00176,0.03498,0.00198,0.00154,0.00352,0.0374,0.0022,0.00198,0.01034,0.03498,0.00176,0.0022,0.01298,0.02904,0.00198,0.04048,0.00814,0.03278,0.0132,0.03102,0.00154,0.00198,0.01936,0.02222,0.00176,0.01144,0.02882,0.00176,0.00198,0.01342,0.02244,0.00176,0.0022,0.02244,0.01606,0.0022,0.00264,0.03454,0.00814,0.00242,0.00264,0.03674,0.0022,0.00242,0.0027,0.00243,0.0027,0.00243,0.0027,0.00243,0.00297,0.0027,0.00243,0.00216,0.00297,0.0027,0.00297,0.00216,0.00243,0.00243,0.00297,0.0027,0.00243,0.00216,0.00243,0.00297,0.0027,0.00216,0.00216,0.00243,0.0027,0.00216,0.00243,0.00297,0.00243,0.0027,0.00297,0.0027,0.0027,0.00216,0.0027,0.00243,0.00243,0.0027,0.00243,0.0027,0.00243,0.0027,0.06966,0.01647,0.0027,0.00216,0.00216,0.05778,0.12474,0.00864,0.0027,0.00243,0.0027,0.00243,0.00216,0.00216,0.00243,0.00216,0.00216,0.00243,0.00243,0.00243,0.00243,0.00216,0.0027,0.0027,0.0027,0.00216,0.0027,0.00243,0.00243,0.00216,0.05427,0.0216,0.00243,0.13689,0.06777,0.0027,0.00243,0.00243,0.00243,0.00216,0.00216,0.00243,0.0027,0.00216,0.00297,0.0027,0.00216,0.00243,0.0027,0.0027,0.00297,0.00243,0.00036,0.00036,0.00036,0.00018,0.00036,0.00036,0.00036,0.00018,0.00036,0.00036,0.00036,0.00018,0.00036,0.00036,0.00036,0.00018,0.00036,0.00036,0.00036,0.00018,0.00036,0.00036,0.00018,0.00036,0.00036,0.00036,0.00018,0.00036,0.00036,0.00018,0.00036,0.00036,0.00036,0.00018,0.00036,0.00036,0.00018,0.00036,0.00036,0.00018,0.00036,0.00036,0.00036,0.00018,0.00036,0.00036,0.00018,0.00036,0.00036,0.00036,0.00018,0.00036,0.00036,0.00018,0.00054,0.00036,0.00054,0.00018,0.00036,0.00036,0.00036,0.00018,0.00036,0.00036,0.00036,0.9054,0.95742,0.60102,0.40482,0.04824,0.00378,0.00036,0.00018,0.00036,0.00036,0.00018,0.00036,0.00036,0.00018,0.00036,0.00036,0.00018,0.00036,0.00036,0.00018,0.00036,0.00036,0.00018,0.00036,0.00036,0.00018,0.00036,0.00036,0.00018,0.00036,0.00036,0.00816,0.00888,0.00864,0.00696,0.0072,0.00696,0.00888,0.00768,0.00696,0.00816,0.00696,0.0084,0.0072,0.00696,0.0084,0.00744,0.00744,0.00696,0.0084,0.00792,0.00864,0.00816,0.00744,0.00912,0.00768,0.00888,0.0072,0.00696,0.0084,0.04608,0.1416,0.16056,0.01248,0.00768,0.00744,0.00792,0.00888,0.0072,0.0072,0.00792,0.0072,0.00672,0.00696,0.00792,0.00696,0.00768,0.00864,0.00912,0.0084,0.0084,0.00864,0.00864,0.00912,0.00816,0.0072,0.00792,0.00696,0.00744,0.00696,0.00696,0.00792,0.0072,0.0084,0.00744,0.00744,0.00696,0.00672,0.00792,0.00888,0.00744,0.00672,0.0072,0.0084,0.00816,0.00936,0.00696,0.00816,0.00744,0.00816,0.0084,0.00816,0.00816,0.00864,0.00888,0.00816,0.0072,0.00744,0.0072,0.00696,0.00768,0.00744,0.00888,0.00912,0.0084,0.00744,0.00696
14/04/2014,0.00792,0.0352,0.00264,0.00264,0.01672,0.02332,0.00242,0.00308,0.01672,0.02332,0.00242,0.00308,0.03212,0.00814,0.00286,0.04378,0.09526,0.06578,0.07458,0.06446,0.07876,0.05192,0.05368,0.0792,0.0143,0.0022,0.00176,0.03674,0.00198,0.00176,0.01012,0.02508,0.00176,0.00176,0.02772,0.01474,0.00198,0.00198,0.03212,0.0022,0.00176,0.00638,0.03234,0.00198,0.00726,0.02926,0.0022,0.00154,0.02112,0.01716,0.00154,0.00176,0.03278,0.00242,0.00154,0.03476,0.03652,0.00154,0.0022,0.02046,0.01892,0.00198,0.0022,0.04048,0.0022,0.00198,0.0066,0.03366,0.00198,0.00198,0.02574,0.06424,0.11176,0.01848,0.04158,0.04114,0.00462,0.02662,0.03542,0.00176,0.00198,0.03014,0.0099,0.00176,0.00198,0.03476,0.00198,0.00176,0.0066,0.03388,0.00154,0.00198,0.01518,0.0264,0.00308,0.00264,0.00243,0.00297,0.00243,0.0027,0.00243,0.00243,0.00243,0.00216,0.00243,0.00243,0.00243,0.00216,0.0027,0.0027,0.0027,0.0027,0.00243,0.00297,0.00216,0.00297,0.00216,0.00243,0.00243,0.0027,0.00216,0.0027,0.00243,0.00243,0.00216,0.00243,0.00216,0.0027,0.00243,0.00297,0.00216,0.0027,0.0027,0.0027,0.00216,0.0027,0.0027,0.0027,0.00297,0.0027,0.00216,0.00243,0.0027,0.00243,0.0027,0.0027,0.0027,0.0027,0.00216,0.00243,0.00243,0.00243,0.00297,0.00243,0.00216,0.00297,0.0027,0.0027,0.00297,0.00216,0.00243,0.00297,0.00243,0.00297,0.00216,0.00216,0.00243,0.00216,0.00243,0.0027,0.00243,0.00216,0.00216,0.00216,0.00216,0.00243,0.00243,0.00216,0.0027,0.00243,0.00243,0.0027,0.00243,0.00216,0.00216,0.00243,0.00216,0.00243,0.0027,0.0027,0.00216,0.00243,0.00036,0.00018,0.00036,0.00036,0.00036,0.00018,0.00036,0.00036,0.00036,0.00018,0.00036,0.00036,0.00018,0.00036,0.00036,0.00036,0.00018,0.00036,0.00036,0.00036,0.00018,0.00036,0.00036,0.00036,0.00018,0.00036,0.00036,0.00036,0.00036,0.00018,0.00036,0.00036,0.00018,0.00036,0.00036,0.00036,0.00018,0.00036,0.00036,0.00018,0.00036,0.00036,0.00036,0.00018,0.00036,0.00036,0.00018,0.00036,0.00036,0.00036,0.00018,0.00036,0.00036,0.00036,0.00018,0.00036,0.00036,0.00018,0.00036,0.00036,0.00036,0.00018,0.00036,0.00036,0.00036,0.00018,0.00036,0.00036,0.00018,0.00036,0.00036,0.00036,0.00018,0.00036,0.00036,0.00018,0.00036,0.00036,0.00018,0.00036,0.00036,0.00018,0.00036,0.00036,0.00036,0.00018,0.00036,0.00036,0.00018,0.00036,0.00036,0.00018,0.00036,0.00036,0.00036,0.00018,0.00816,0.00816,0.00888,0.00768,0.0084,0.0072,0.0072,0.00864,0.0084,0.0072,0.0072,0.00864,0.00792,0.00744,0.00888,0.0072,0.00792,0.0084,0.0072,0.00816,0.00816,0.00768,0.00744,0.0084,0.0072,0.00792,0.0072,0.00768,0.00864,0.00696,0.00864,0.00696,0.00936,0.0096,0.00744,0.00912,0.00864,0.00768,0.00912,0.00864,0.00864,0.00864,0.00672,0.00888,0.00696,0.00744,0.00744,0.0084,0.00696,0.00816,0.0072,0.00744,0.00768,0.0072,0.00912,0.00912,0.00888,0.00696,0.00792,0.00864,0.00768,0.00816,0.00696,0.00672,0.00696,0.00768,0.00816,0.0084,0.00888,0.00768,0.00864,0.00864,0.00912,0.0084,0.00792,0.00672,0.00768,0.00864,0.00792,0.00864,0.00936,0.00744,0.00792,0.00792,0.00792,0.00696,0.0072,0.0084,0.00888,0.00792,0.00888,0.00744,0.00792,0.00672,0.00672,0.00696
15/04/2014,0.09218,0.06512,0.04708,0.06116,0.0638,0.06996,0.06292,0.07414,0.07832,0.06006,0.04246,0.04884,0.08734,0.04598,0.04246,0.0638,0.08514,0.04444,0.06534,0.05896,0.06974,0.06292,0.0528,0.05324,0.02486,0.00176,0.00198,0.02618,0.01738,0.00176,0.00198,0.02552,0.01254,0.00198,0.00176,0.03058,0.00682,0.00176,0.00176,0.03454,0.00198,0.00198,0.0022,0.03454,0.00198,0.0022,0.00198,0.04268,0.00198,0.00176,0.01386,0.06094,0.0022,0.00176,0.01122,0.02398,0.00176,0.00176,0.01958,0.022,0.00198,0.00176,0.02508,0.01848,0.00176,0.00198,0.02618,0.0099,0.00198,0.00176,0.0363,0.00396,0.01364,0.01958,0.03784,0.00176,0.00176,0.00506,0.0319,0.00176,0.0022,0.01298,0.02486,0.00154,0.0022,0.01892,0.02332,0.00198,0.00154,0.0275,0.01584,0.00154,0.00308,0.02684,0.01298,0.00242,0.0027,0.00216,0.00216,0.00297,0.00216,0.00243,0.00216,0.0027,0.00243,0.00243,0.0027,0.00243,0.00297,0.00243,0.00243,0.0027,0.0027,0.00216,0.0027,0.0027,0.00297,0.0027,0.0027,0.00216,0.00243,0.0027,0.0027,0.00243,0.0027,0.00243,0.00216,0.0027,0.00297,0.0027,0.0027,0.00243,0.0027,0.07776,0.00216,0.0027,0.0027,0.06426,0.07641,0.06615,0.00297,0.0027,0.0027,0.0027,0.00243,0.0027,0.00243,0.00297,0.00243,0.0027,0.00243,0.00243,0.00297,0.00216,0.00297,0.0027,0.00297,0.00216,0.00243,0.0027,0.00297,0.0027,0.00243,0.00243,0.0027,0.08667,0.00243,0.0027,0.00243,0.00243,0.07992,0.11529,0.00756,0.0027,0.00216,0.00216,0.00243,0.00243,0.00243,0.04077,0.01728,0.01971,0.0027,0.00243,0.08451,0.05913,0.00756,0.0027,0.00216,0.00297,0.00243,0.00297,0.00036,0.00036,0.00036,0.00018,0.00036,0.00036,0.00018,0.00036,0.00036,0.00036,0.00018,0.00036,0.00036,0.00036,0.00018,0.00036,0.00036,0.00036,0.00018,0.00036,0.00036,0.00036,0.00018,0.00036,0.00036,0.00036,0.00018,0.00036,0.00036,0.00036,0.00018,0.00036,0.00036,0.00018,0.00036,0.00036,0.00036,0.00018,0.00036,0.00036,0.00018,0.00036,0.00036,0.00036,0.00018,0.00036,0.00036,0.00018,0.00036,0.00036,0.00036,0.00018,0.00036,0.00036,0.00036,0.00036,0.00018,0.00036,0.00036,0.00036,0.00018,0.00036,0.00036,0.00036,0.00018,0.00036,0.00036,0.00036,0.00018,0.00036,0.00036,0.00018,0.00036,0.00036,0.00036,0.00018,0.00036,0.00036,0.00018,0.00036,0.00036,0.00018,0.00036,0.00036,0.53208,115.056,0.96264,0.80226,0.94266,0.76356,0.04824,0.00144,0.00036,0.00018,0.00036,0.00036,0.00696,0.00816,0.00696,0.00696,0.00696,0.0072,0.00864,0.00792,0.00768,0.00792,0.00696,0.0072,0.00816,0.0084,0.00768,0.00792,0.00864,0.00768,0.00696,0.00816,0.00864,0.00744,0.0084,0.00672,0.00696,0.00792,0.00816,0.00768,0.00792,0.00912,0.00816,0.00864,0.00792,0.00864,0.00792,0.0072,0.00864,0.00912,0.00768,0.00768,0.00888,0.00696,0.0084,0.00912,0.00864,0.0084,0.00744,0.01008,0.0096,0.01104,0.0108,0.0108,0.00744,0.00888,0.00912,0.00744,0.0072,0.00792,0.00816,0.00744,0.00864,0.00864,0.0072,0.0072,0.00696,0.0084,0.00912,0.00816,0.00816,0.0084,0.0084,0.00672,0.00864,0.00816,0.01008,0.0564,0.16104,0.14544,0.1452,0.16632,0.20136,0.2016,0.18912,0.18024,0.16728,0.01632,0.00888,0.0072,0.0072,0.00792,0.00744,0.0072,0.0072,0.00888,0.00864,0.00912
16/04/2014,0.04796,0.0704,0.0792,0.04686,0.04642,0.1177,0.04862,0.07568,0.07612,0.08382,0.05478,0.07282,0.07238,0.06886,0.06842,0.0451,0.07194,0.08734,0.05104,0.06182,0.11308,0.07568,0.055,0.0627,0.04334,0.00176,0.00176,0.00594,0.04004,0.0022,0.00176,0.01298,0.033,0.00198,0.011,0.05104,0.02244,0.00198,0.00198,0.02794,0.01518,0.00176,0.00198,0.03256,0.0055,0.00198,0.00198,0.04664,0.01914,0.0176,0.00704,0.03718,0.00176,0.00176,0.01518,0.033,0.00176,0.00176,0.02244,0.02662,0.01056,0.033,0.03036,0.01782,0.00176,0.00154,0.03454,0.04598,0.11924,0.02618,0.04466,0.04862,0.04422,0.00176,0.01562,0.02508,0.00176,0.00154,0.03278,0.01276,0.00176,0.00176,0.06534,0.01738,0.00198,0.0099,0.0385,0.0022,0.00176,0.02068,0.02552,0.00198,0.0022,0.03146,0.05742,0.06534,0.00243,0.00243,0.00216,0.0027,0.0027,0.0027,0.00243,0.0027,0.0027,0.00297,0.0027,0.00216,0.0027,0.0027,0.00297,0.00243,0.00243,0.00243,0.0027,0.00243,0.0027,0.00243,0.0027,0.00243,0.0027,0.0027,0.00243,0.0027,0.00243,0.00243,0.00216,0.00216,0.00297,0.00216,0.00216,0.0027,0.00243,0.0027,0.00216,0.00243,0.00243,0.00243,0.0027,0.00243,0.0027,0.0027,0.00216,0.06021,0.0216,0.0243,0.12987,0.07668,0.06831,0.00243,0.00216,0.0027,0.0027,0.12123,0.07614,0.00918,0.0027,0.08181,0.00297,0.00243,0.00243,0.06372,0.06993,0.06156,0.0027,0.00243,0.0027,0.00243,0.00243,0.0027,0.00243,0.00216,0.00216,0.0027,0.00243,0.00243,0.0027,0.00216,0.0027,0.00216,0.00216,0.0027,0.00297,0.00243,0.0027,0.00216,0.00243,0.00243,0.00216,0.00243,0.0027,0.0027,0.00036,0.00018,0.00036,0.00036,0.00036,0.00018,0.00036,0.00036,0.00018,0.00036,0.00036,0.00036,0.00036,0.00018,0.00036,0.00036,0.00036,0.00018,0.00036,0.00036,0.00036,0.00018,0.00036,0.00036,0.00036,0.00018,0.00036,0.00036,0.00018,0.00036,0.00036,0.00036,0.00018,0.00036,0.00036,0.00018,0.00036,0.00036,0.00018,0.00036,0.00036,0.00018,0.00036,0.00036,0.00036,0.00018,0.00036,0.00036,0.00036,0.93384,123.408,0.86724,0.49734,0.47952,0.05958,0.0099,0.00522,0.00162,0.0054,0.00036,0.00036,100.818,0.97758,0.9369,0.72864,0.04554,0.05742,10.431,0.657,0.3105,0.53892,0.04176,0.00792,0.0045,0.0018,0.00144,0.0018,0.00144,0.00144,0.00126,0.00036,0.00018,0.00036,0.00036,0.00018,0.00036,0.00036,0.00036,0.00018,0.00036,0.00036,0.00018,0.00036,0.00036,0.00018,0.00036,0.00768,0.00864,0.00768,0.00864,0.0084,0.00888,0.00816,0.00744,0.0072,0.00768,0.00912,0.00792,0.00696,0.00864,0.00888,0.0072,0.00816,0.0072,0.00888,0.00672,0.0084,0.0084,0.00864,0.00816,0.00792,0.0084,0.00816,0.00864,0.00816,0.00696,0.00744,0.00768,0.0096,0.00912,0.00696,0.00696,0.00912,0.00864,0.00696,0.00768,0.00888,0.00816,0.00768,0.00816,0.00888,0.00768,0.00888,0.012,0.00936,0.01176,0.01104,0.00984,0.00792,0.00768,0.0084,0.0072,0.0084,0.00792,0.00792,0.0072,0.00792,0.00744,0.0072,0.00888,0.0084,0.00888,0.00792,0.00768,0.0744,0.11592,0.01032,0.00864,0.0084,0.0072,0.0084,0.00816,0.00888,0.1284,0.17928,0.19104,0.20952,0.15408,0.19344,0.14736,0.13344,0.13104,0.02808,0.00672,0.00648,0.00936,0.00696,0.00672,0.00888,0.00696,0.00864,0.00864
17/04/2014,0.0825,0.08426,0.0616,0.06358,0.05962,0.11044,0.05698,0.05038,0.09482,0.06138,0.05148,0.08514,0.0924,0.08096,0.05478,0.04598,0.12254,0.05192,0.0627,0.0638,0.077,0.06094,0.05324,0.08624,0.04598,0.0022,0.00176,0.02772,0.01826,0.00198,0.00198,0.03916,0.00638,0.00154,0.00176,0.0462,0.0308,0.00616,0.01254,0.03058,0.00176,0.00198,0.02398,0.0198,0.00198,0.00198,0.03146,0.0132,0.02662,0.01584,0.0385,0.00506,0.00176,0.00484,0.04378,0.00198,0.00198,0.01452,0.02992,0.0022,0.02882,0.03454,0.02046,0.00176,0.00154,0.0363,0.00902,0.00198,0.00154,0.03938,0.00176,0.0044,0.04554,0.0396,0.00198,0.00198,0.0077,0.03762,0.00176,0.00176,0.00792,0.0341,0.00176,0.0429,0.00924,0.04114,0.00198,0.00154,0.0077,0.0429,0.00154,0.00154,0.07018,0.08382,0.06402,0.08668,0.0027,0.0027,0.0027,0.0027,0.00243,0.00216,0.00297,0.00216,0.0027,0.0027,0.00297,0.00216,0.0027,0.00243,0.00297,0.0027,0.00216,0.00297,0.00216,0.0027,0.00216,0.00243,0.0027,0.00216,0.0027,0.00243,0.0027,0.00243,0.00297,0.0027,0.00216,0.00216,0.0027,0.00243,0.00243,0.00216,0.00243,0.00216,0.00243,0.00216,0.00216,0.00243,0.00243,0.00297,0.00243,0.0027,0.0027,0.00243,0.00216,0.00243,0.00216,0.00297,0.00216,0.00216,0.00243,0.00243,0.00243,0.00216,0.0027,0.0027,0.0027,0.0027,0.00243,0.0027,0.0027,0.00243,0.00243,0.00297,0.00216,0.0027,0.00243,0.00243,0.00297,0.00243,0.00216,0.0027,0.0027,0.00216,0.0027,0.00216,0.00216,0.00243,0.00243,0.0027,0.00243,0.00297,0.00243,0.0027,0.0027,0.00297,0.00216,0.00243,0.0027,0.00243,0.00297,0.00216,0.00036,0.00036,0.00018,0.00036,0.00036,0.00036,0.00018,0.00036,0.00036,0.00036,0.00018,0.00036,0.00036,0.00036,0.00018,0.00036,0.00036,0.00036,0.00018,0.00036,0.00036,0.00036,0.00018,0.00036,0.00036,0.00036,0.00018,0.00036,0.00036,0.00018,0.00036,0.00036,0.00018,0.00036,0.00036,0.00036,0.00018,0.00036,0.00036,0.00018,0.00036,0.00054,0.00054,0.00036,0.00054,0.00054,0.00036,0.00054,0.00036,0.00054,0.00054,0.00036,0.00054,0.00054,0.00036,0.00054,0.00054,0.00036,0.00054,0.00054,0.00054,0.00036,0.00054,0.00054,0.00036,0.00054,0.00054,0.00036,0.00054,0.00054,0.00054,0.00036,0.00054,0.00036,0.00054,0.00054,0.00036,0.00054,0.00036,0.00036,0.00018,0.00036,0.00036,0.00018,0.00036,0.00036,0.00036,0.00018,0.00036,0.00036,0.00018,0.00036,0.00036,0.00036,0.00018,0.00036,0.00888,0.0072,0.00888,0.00696,0.00912,0.00696,0.0084,0.00912,0.00744,0.00792,0.00672,0.00696,0.00864,0.00744,0.0084,0.00672,0.00816,0.00768,0.00864,0.0084,0.00768,0.0072,0.00768,0.00696,0.0084,0.00744,0.00648,0.00864,0.00816,0.00792,0.00696,0.00744,0.00744,0.00888,0.0072,0.00816,0.00816,0.00864,0.00864,0.00744,0.00696,0.00792,0.00888,0.00768,0.00744,0.00744,0.00888,0.01152,0.01104,0.012,0.01128,0.00888,0.0084,0.00816,0.00768,0.00888,0.00816,0.0072,0.00744,0.00816,0.0084,0.00792,0.10416,0.198,0.1788,0.2004,0.19224,0.18528,0.16104,0.15984,0.1968,0.20424,0.17424,0.18552,0.1764,0.18816,0.19008,0.18624,0.18672,0.16368,0.20712,0.186,0.17328,0.18456,0.17496,0.1572,0.0168,0.0072,0.00744,0.00744,0.00696,0.0084,0.00696,0.00648,0.00672,0.0072
18/04/2014,0.07348,0.06578,0.01122,0.00396,0.01364,0.044,0.00462,0.00418,0.0132,0.04268,0.00814,0.03168,0.01276,0.04004,0.00308,0.0033,0.01518,0.03806,0.0033,0.0033,0.01364,0.03212,0.0088,0.03828,0.01518,0.0275,0.00198,0.00198,0.01716,0.03058,0.0022,0.00198,0.01672,0.05412,0.01276,0.00176,0.01848,0.02574,0.0022,0.0022,0.01958,0.02948,0.00176,0.0429,0.02002,0.02926,0.00198,0.00176,0.022,0.0308,0.00198,0.00176,0.0198,0.03058,0.03608,0.00748,0.02376,0.02882,0.0022,0.00154,0.02816,0.02134,0.00198,0.0022,0.0407,0.04576,0.00198,0.00154,0.03036,0.01804,0.00176,0.00198,0.0297,0.01694,0.02486,0.0176,0.03652,0.01584,0.00242,0.00176,0.03388,0.01518,0.00198,0.03498,0.04906,0.011,0.00176,0.0022,0.03828,0.00968,0.00176,0.00176,0.03762,0.01298,0.03718,0.00374,0.0027,0.00216,0.00243,0.00243,0.0027,0.0027,0.0027,0.0027,0.00216,0.00297,0.0027,0.00243,0.00243,0.0027,0.00297,0.00216,0.00216,0.00297,0.0027,0.00243,0.00243,0.00243,0.0027,0.00243,0.00243,0.0027,0.00243,0.00243,0.00243,0.00216,0.00243,0.00297,0.00216,0.00243,0.0027,0.00216,0.05346,0.0027,0.0027,0.04806,0.05184,0.05157,0.00243,0.00216,0.00216,0.00216,0.00243,0.0027,0.00243,0.00297,0.00216,0.0027,0.00243,0.0027,0.00243,0.00297,0.00243,0.00297,0.0027,0.00297,0.00243,0.0027,0.0027,0.00297,0.0027,0.00243,0.00216,0.00297,0.0027,0.0027,0.00297,0.0027,0.00243,0.00243,0.06615,0.00216,0.00297,0.00243,0.00243,0.00243,0.00243,0.00216,0.00297,0.00216,0.0027,0.0027,0.0027,0.00216,0.0027,0.00216,0.0027,0.00243,0.0027,0.00243,0.0027,0.0027,0.00036,0.00018,0.00036,0.00036,0.00036,0.00018,0.00036,0.00036,0.00036,0.00018,0.00036,0.00036,0.00036,0.00018,0.00036,0.00036,0.00036,0.00018,0.00036,0.00036,0.00018,0.00036,0.00036,0.00036,0.00018,0.00036,0.00036,0.00018,0.00036,0.00036,0.00018,0.00036,0.00036,0.00036,0.00018,0.00036,0.00036,0.00036,0.00018,0.00036,0.00036,0.00018,0.00036,0.00036,0.00018,0.00036,0.00036,0.00018,0.00036,0.00036,0.00036,0.00036,0.00018,0.00036,0.50418,0.41832,0.00054,0.00054,0.00036,0.00054,0.00054,0.00054,0.00036,0.00036,0.00036,127.332,10.206,0.51516,0.37638,0.4041,0.02556,0.00864,0.00252,0.00018,0.00036,0.00036,0.00018,0.00036,0.00036,0.00036,0.00018,0.00036,0.00036,0.00018,0.00036,0.00036,0.00036,0.00018,0.00036,0.00036,0.00018,0.00036,0.00036,0.00018,0.00036,0.00036,0.00696,0.00816,0.00792,0.00648,0.00792,0.00864,0.00888,0.0072,0.00792,0.00816,0.00696,0.00744,0.00744,0.00912,0.00792,0.00888,0.00744,0.00864,0.00768,0.00816,0.00768,0.00672,0.00744,0.00792,0.00672,0.0084,0.0084,0.00864,0.0084,0.00768,0.00888,0.00816,0.0084,0.00864,0.0072,0.00792,0.0084,0.00768,0.00912,0.0084,0.00888,0.00768,0.0072,0.00792,0.0084,0.00792,0.0072,0.00936,0.01032,0.00888,0.00936,0.0084,0.0084,0.00696,0.00744,0.00696,0.00744,0.0072,0.00792,0.00744,0.00792,0.00864,0.00864,0.00696,0.00768,0.0072,0.00888,0.00768,0.00792,0.00744,0.00672,0.0072,0.00792,0.00816,0.00816,0.00912,0.0084,0.0072,0.00792,0.0072,0.01032,0.05856,0.20736,0.16968,0.2112,0.15864,0.0564,0.00936,0.00792,0.00648,0.00864,0.00792,0.0072,0.00696,0.00672,0.0072
19/04/2014,0.04004,0.00968,0.0033,0.00352,0.04114,0.0077,0.00396,0.00308,0.04356,0.04092,0.00374,0.00374,0.04642,0.00396,0.0033,0.00682,0.04334,0.00352,0.00352,0.00924,0.08338,0.0044,0.00374,0.011,0.0429,0.00198,0.00176,0.01166,0.03894,0.00176,0.01452,0.033,0.03454,0.00198,0.00198,0.01562,0.03608,0.00176,0.00154,0.01606,0.03058,0.01298,0.02354,0.0143,0.03256,0.00154,0.00176,0.01562,0.02926,0.00198,0.0022,0.01672,0.06754,0.0022,0.00198,0.022,0.02574,0.00198,0.00176,0.02508,0.02662,0.0022,0.03938,0.02398,0.022,0.00176,0.00176,0.02596,0.02068,0.00154,0.00198,0.02398,0.0418,0.01342,0.00198,0.02662,0.022,0.00176,0.0022,0.0275,0.03938,0.02112,0.00176,0.03608,0.01276,0.00176,0.00176,0.04004,0.01078,0.00154,0.00792,0.06468,0.01254,0.0033,0.00374,0.04862,0.00216,0.0027,0.0027,0.00243,0.00216,0.0027,0.00243,0.00243,0.0027,0.00243,0.00216,0.00297,0.00243,0.0027,0.00216,0.0027,0.0027,0.00216,0.00297,0.00243,0.00243,0.00243,0.00216,0.00243,0.0027,0.00216,0.0027,0.00297,0.00216,0.0027,0.00243,0.00216,0.00243,0.00216,0.00243,0.00243,0.00216,0.00297,0.0027,0.0027,0.00243,0.0027,0.00216,0.00216,0.00243,0.00243,0.0027,0.06237,0.00216,0.06264,0.1431,0.0081,0.0027,0.00243,0.0027,0.00216,0.00297,0.0027,0.0027,0.00243,0.0027,0.0027,0.00243,0.00243,0.0027,0.00243,0.00243,0.00243,0.00243,0.0864,0.00216,0.1188,0.05913,0.0027,0.00243,0.00297,0.0027,0.00243,0.0027,0.00243,0.00243,0.00243,0.00243,0.00216,0.0027,0.00243,0.00297,0.0027,0.00243,0.00216,0.00243,0.00243,0.00216,0.00243,0.0027,0.0027,0.00036,0.00018,0.00036,0.00036,0.00036,0.00018,0.00036,0.00036,0.00036,0.00018,0.00036,0.00036,0.00036,0.00018,0.00036,0.00036,0.00036,0.00018,0.00036,0.00036,0.00036,0.00018,0.00036,0.00036,0.00036,0.00018,0.00036,0.00036,0.00018,0.00036,0.00036,0.00036,0.00018,0.00036,0.00036,0.00018,0.00036,0.00036,0.00036,0.00018,0.00036,0.00036,0.00018,0.00036,0.00036,0.00018,0.00036,0.00036,0.00018,0.00036,0.00036,0.00036,0.00018,0.00036,0.00036,0.8856,0.9873,101.772,0.86292,0.18684,0.00918,0.00036,0.00036,0.00036,0.00018,0.00036,0.00036,0.00036,0.00018,0.00036,0.00036,0.00018,0.00036,0.00036,0.00036,0.00018,0.00036,0.00036,0.00036,0.00018,0.00036,0.00036,0.00036,0.00018,0.00036,0.00036,0.00018,0.00036,0.00036,0.00018,0.00036,0.00036,0.00018,0.00036,0.00036,0.00018,0.00768,0.00768,0.00912,0.0084,0.00864,0.00744,0.0084,0.00816,0.00744,0.00864,0.00744,0.00744,0.00864,0.0084,0.0072,0.00888,0.00672,0.00744,0.00768,0.00792,0.00696,0.0072,0.00768,0.00816,0.00864,0.0084,0.0072,0.00696,0.00912,0.00768,0.0084,0.00792,0.00888,0.00936,0.00792,0.00696,0.00888,0.0084,0.00888,0.0084,0.00672,0.00696,0.00744,0.00672,0.00744,0.00696,0.00912,0.01128,0.01104,0.01008,0.00936,0.0084,0.00864,0.00792,0.00768,0.00864,0.00864,0.00936,0.00816,0.00768,0.00792,0.00672,0.0072,0.0072,0.00792,0.00864,0.00768,0.00768,0.0072,0.0084,0.0084,0.00888,0.10032,0.18432,0.16128,0.16392,0.15936,0.16032,0.198,0.19176,0.20328,0.14856,0.156,0.12552,0.174,0.14856,0.05712,0.00816,0.00744,0.00888,0.00816,0.00744,0.00672,0.00864,0.00744,0.00768
20/04/2014,0.07392,0.04598,0.05456,0.10186,0.03344,0.10802,0.02662,0.09944,0.05368,0.02266,0.06864,0.0715,0.05126,0.05346,0.02574,0.13508,0.04026,0.04884,0.06732,0.04202,0.07502,0.03058,0.05676,0.04114,0.00836,0.01958,0.03388,0.02552,0.00176,0.00176,0.02354,0.02222,0.00176,0.00198,0.03058,0.02068,0.0187,0.02002,0.02706,0.01826,0.0022,0.00176,0.02882,0.01474,0.00176,0.00176,0.04048,0.04576,0.00176,0.0022,0.04202,0.01012,0.0022,0.00154,0.04488,0.00726,0.00198,0.04004,0.04906,0.00506,0.0022,0.00176,0.05126,0.00198,0.00198,0.00594,0.04994,0.02574,0.00198,0.01078,0.04378,0.01628,0.04642,0.07634,0.09702,0.06644,0.04994,0.04972,0.01804,0.00198,0.00638,0.04312,0.0022,0.00176,0.05038,0.044,0.00176,0.00176,0.01122,0.03894,0.00198,0.00176,0.0176,0.1188,0.08734,0.07502,0.00243,0.00243,0.00243,0.00243,0.00216,0.0027,0.00216,0.00243,0.00297,0.00216,0.00243,0.0027,0.00243,0.00243,0.00297,0.00216,0.00297,0.00243,0.0027,0.00243,0.0027,0.0027,0.00243,0.0027,0.00243,0.00243,0.00216,0.00297,0.0027,0.00243,0.00216,0.00297,0.00243,0.0027,0.00243,0.00216,0.0027,0.00243,0.00216,0.00243,0.07074,0.00297,0.00216,0.05778,0.06237,0.0567,0.00297,0.00297,0.00243,0.00243,0.0027,0.0027,0.00297,0.00243,0.0027,0.00243,0.00243,0.00243,0.00243,0.00216,0.00243,0.00216,0.0027,0.00297,0.00243,0.00216,0.0027,0.00243,0.0027,0.0027,0.00243,0.0027,0.00243,0.0027,0.0027,0.00216,0.0027,0.00243,0.0027,0.00243,0.00216,0.00243,0.00216,0.00243,0.00216,0.0027,0.00243,0.0027,0.0027,0.00216,0.00216,0.00216,0.0027,0.00243,0.0027,0.0027,0.00036,0.00036,0.00036,0.00018,0.00036,0.00036,0.00036,0.00018,0.00036,0.00036,0.00036,0.00018,0.00036,0.00036,0.00036,0.00018,0.00036,0.00036,0.00036,0.00018,0.00036,0.00036,0.00036,0.00018,0.00036,0.00036,0.00036,0.00018,0.00036,0.00036,0.00036,0.00018,0.00036,0.00036,0.00018,0.00036,0.00036,0.00036,0.00018,0.00036,0.00036,0.00018,0.00036,0.00036,0.00036,0.00018,0.00036,0.00036,0.00036,0.00018,0.00036,0.07488,112.284,0.80208,0.14922,0.00792,0.00036,0.00018,0.00036,0.00036,0.00036,0.00018,0.00036,0.00036,0.00036,0.00018,0.00036,0.00036,0.00036,0.00018,0.00036,0.00036,0.00018,0.00036,0.00036,0.00018,0.00036,0.00036,0.00018,0.00036,0.00036,0.00018,0.00036,0.00036,0.00018,0.00036,0.00036,0.00036,0.00018,0.00036,0.00036,0.00018,0.00036,0.00036,0.00018,0.00036,0.0072,0.00744,0.00744,0.00792,0.00888,0.00768,0.00744,0.00792,0.00816,0.0084,0.00864,0.00816,0.00816,0.0084,0.00912,0.00864,0.00672,0.0072,0.0072,0.00864,0.00744,0.00864,0.0072,0.0084,0.0084,0.00768,0.00792,0.00744,0.00744,0.00672,0.00696,0.00768,0.00816,0.00936,0.00816,0.00864,0.0084,0.00744,0.0084,0.00768,0.00768,0.00696,0.00744,0.00696,0.00696,0.00912,0.00744,0.00816,0.00792,0.00768,0.00864,0.00696,0.00888,0.0072,0.0084,0.00816,0.00864,0.0084,0.00816,0.00864,0.0084,0.00768,0.00696,0.00816,0.00744,0.00768,0.00888,0.0072,0.00792,0.00792,0.00696,0.07008,0.18096,0.1908,0.17496,0.17856,0.21216,0.19536,0.15816,0.19248,0.16224,0.16248,0.18288,0.15936,0.18408,0.19224,0.07368,0.00744,0.00864,0.00912,0.00864,0.00816,0.00816,0.00912,0.00864,0.00792
21/04/2014,0.0759,0.12232,0.07788,0.06358,0.0704,0.12056,0.07964,0.10758,0.0759,0.09548,0.06292,0.07084,0.0891,0.11484,0.06182,0.07612,0.12584,0.12254,0.07898,0.07722,0.08294,0.1111,0.06116,0.07172,0.02046,0.0649,0.0022,0.00176,0.01936,0.02794,0.00198,0.00198,0.0275,0.02926,0.0242,0.01782,0.02838,0.02398,0.00198,0.00198,0.02904,0.02288,0.00176,0.02046,0.04774,0.02618,0.00176,0.00176,0.0319,0.02244,0.0022,0.0264,0.0506,0.01606,0.00176,0.00198,0.04004,0.0121,0.0022,0.01166,0.0682,0.00946,0.00198,0.00176,0.04422,0.00836,0.0022,0.00528,0.0946,0.00638,0.00198,0.0033,0.04796,0.00418,0.00198,0.01056,0.09944,0.00176,0.0022,0.01122,0.04356,0.00176,0.00176,0.01804,0.0748,0.00198,0.00176,0.0176,0.03388,0.00176,0.00176,0.01782,0.06094,0.00836,0.00242,0.02002,0.00243,0.00243,0.0027,0.0027,0.00243,0.00216,0.00243,0.0027,0.00243,0.00216,0.0027,0.00243,0.0027,0.00243,0.0027,0.00243,0.00216,0.00243,0.00243,0.0027,0.00297,0.00243,0.00297,0.00243,0.00243,0.00243,0.0027,0.00243,0.00243,0.00243,0.0027,0.00216,0.00297,0.0027,0.00243,0.00216,0.0027,0.0027,0.00216,0.00216,0.00243,0.00243,0.0027,0.00243,0.04968,0.0027,0.00243,0.07587,0.06831,0.02538,0.00243,0.00243,0.00243,0.00243,0.02511,0.00243,0.00216,0.00243,0.00243,0.00243,0.00243,0.0027,0.00216,0.0027,0.00243,0.00243,0.0027,0.00297,0.00243,0.00297,0.00216,0.00243,0.00216,0.00216,0.0027,0.00216,0.0027,0.0027,0.00243,0.0027,0.00243,0.00216,0.0027,0.00216,0.00216,0.00243,0.00297,0.00216,0.00216,0.0027,0.00216,0.00216,0.0027,0.00243,0.00297,0.0027,0.00036,0.00036,0.00018,0.00036,0.00036,0.00036,0.00018,0.00036,0.00036,0.00036,0.00018,0.00036,0.00036,0.00036,0.00036,0.00018,0.00036,0.00036,0.00036,0.00018,0.00036,0.00036,0.00036,0.00036,0.00018,0.00036,0.00036,0.00036,0.00018,0.00036,0.00036,0.00036,0.00018,0.00036,0.00036,0.00036,0.00018,0.00036,0.00036,0.00018,0.00036,0.00036,0.00018,0.00036,0.00036,0.00036,0.00018,0.00036,0.00036,0.00018,0.00036,0.00036,0.00036,0.00036,0.00018,0.00036,0.00036,0.00036,0.00018,0.00036,0.00036,0.00036,0.00018,0.00036,0.00036,0.00036,0.00018,0.00036,0.00036,0.00036,0.00018,0.00036,0.00036,0.00018,0.00036,0.00036,0.00018,0.00036,0.00036,106.938,108.378,0.71208,0.44514,0.05076,0.00522,0.00036,0.00036,0.00018,0.00036,0.00036,0.00036,0.00018,0.00036,0.00036,0.00036,0.00018,0.00768,0.0084,0.00816,0.0084,0.00696,0.00816,0.00912,0.00672,0.00768,0.00696,0.00768,0.00696,0.00672,0.00816,0.00888,0.00768,0.00888,0.00864,0.00792,0.00768,0.00864,0.00864,0.00864,0.00864,0.00768,0.00792,0.00768,0.00768,0.00768,0.00912,0.00672,0.0084,0.00816,0.00912,0.0084,0.0084,0.0072,0.0072,0.00648,0.00696,0.00816,0.00888,0.00696,0.00792,0.00816,0.00768,0.00768,0.00696,0.00792,0.00768,0.00744,0.00888,0.00816,0.0072,0.0072,0.0072,0.00744,0.0072,0.0072,0.00816,0.00888,0.00816,0.00888,0.0072,0.00696,0.00888,0.00864,0.0084,0.00816,0.00672,0.00864,0.00816,0.00768,0.00792,0.00864,0.15096,0.17568,0.13584,0.12264,0.09336,0.1488,0.18024,0.21168,0.16488,0.16968,0.16272,0.1632,0.1656,0.15168,0.20256,0.19032,0.04392,0.00864,0.00768,0.084,0.10752
22/04/2014,0.03652,0.00264,0.00242,0.02552,0.0561,0.01914,0.00286,0.05588,0.10494,0.07898,0.06732,0.09548,0.11132,0.0869,0.06336,0.09636,0.07744,0.0704,0.0605,0.11858,0.09856,0.06578,0.07766,0.11374,0.0088,0.00198,0.00836,0.04092,0.00902,0.03146,0.01144,0.04752,0.00176,0.00176,0.0132,0.03586,0.00176,0.03212,0.02926,0.03322,0.0022,0.00176,0.0209,0.03762,0.00198,0.02266,0.04818,0.03102,0.0022,0.0022,0.02838,0.02992,0.00198,0.01606,0.05236,0.0297,0.00242,0.01012,0.07018,0.0286,0.0022,0.00198,0.04554,0.03234,0.0374,0.00198,0.04444,0.011,0.0022,0.02442,0.07546,0.00594,0.00198,0.01012,0.0429,0.0143,0.04334,0.01606,0.05346,0.00946,0.00198,0.00968,0.09966,0.01078,0.00176,0.01254,0.0517,0.00176,0.00176,0.05126,0.04466,0.00176,0.00286,0.0121,0.04466,0.00308,0.0027,0.00216,0.00297,0.0027,0.00243,0.0027,0.0027,0.00297,0.00243,0.00297,0.00216,0.00243,0.00243,0.00297,0.00216,0.00297,0.00243,0.00297,0.00216,0.00243,0.00297,0.0027,0.0027,0.0027,0.00243,0.0027,0.00243,0.00297,0.0027,0.0027,0.00297,0.0027,0.00243,0.0027,0.081,0.0027,0.00297,0.0027,0.00216,0.0675,0.11907,0.00864,0.0027,0.00216,0.0027,0.06048,0.00216,0.13068,0.07101,0.0027,0.00243,0.00243,0.00243,0.00216,0.0027,0.00216,0.0027,0.0027,0.0027,0.0027,0.00216,0.00216,0.00297,0.00216,0.00297,0.00243,0.0027,0.00216,0.00243,0.00243,0.00162,0.00189,0.00297,0.00243,0.00243,0.0027,0.0027,0.00243,0.0027,0.00297,0.0027,0.0027,0.0027,0.0027,0.00243,0.00243,0.00243,0.00243,0.00243,0.00216,0.0027,0.0027,0.00216,0.00243,0.00243,0.0027,0.00036,0.00036,0.00036,0.00018,0.00036,0.00036,0.00036,0.00018,0.00036,0.00036,0.00036,0.00018,0.00036,0.00036,0.00036,0.00018,0.00036,0.00036,0.00036,0.00018,0.00036,0.00036,0.00036,0.00018,0.00036,0.00036,0.00036,0.00018,0.00036,0.00036,0.00018,0.00036,0.00036,0.00036,0.00018,0.00036,0.00036,0.00018,0.00036,0.00036,0.00018,0.00036,0.00036,0.00036,0.00018,0.00036,0.00036,0.00018,0.00036,0.00036,0.00036,0.00018,0.00036,0.00036,0.00036,0.00018,0.00036,0.00036,0.00036,0.00018,0.00036,0.00036,0.00036,0.00018,0.00036,0.00036,0.00036,0.00036,0.00018,0.00036,0.00036,0.00018,0.00036,0.00036,0.00036,0.00018,0.00036,0.00036,0.00018,0.00036,0.00036,0.00036,0.00018,0.00036,0.00036,0.00018,0.00036,0.00036,0.00018,0.00036,0.00036,0.00036,0.00018,0.00036,0.00036,0.00018,0.11136,0.11496,0.1092,0.1032,0.00816,0.00816,0.00768,0.00696,0.0084,0.00696,0.00792,0.00744,0.00768,0.00912,0.00744,0.00768,0.00672,0.00696,0.00888,0.00864,0.00816,0.00888,0.00912,0.00912,0.00648,0.0072,0.00792,0.00744,0.0072,0.0072,0.0084,0.00696,0.00816,0.00744,0.0072,0.00864,0.00792,0.00816,0.00672,0.00888,0.00768,0.00696,0.00888,0.00888,0.01008,0.00792,0.0072,0.00984,0.00984,0.01104,0.01152,0.0096,0.0084,0.0072,0.00864,0.00816,0.00816,0.00744,0.00744,0.00912,0.00864,0.00744,0.00816,0.0084,0.0072,0.0588,0.09456,0.09312,0.00672,0.0084,0.0084,0.16176,0.18048,0.16152,0.10464,0.09192,0.12624,0.1944,0.21336,0.18864,0.1896,0.13824,0.19104,0.21168,0.17448,0.21648,0.14808,0.11352,0.1452,0.11952,0.1488,0.168,0.14904,0.1608,0.0192,0.01008
23/04/2014,0.02046,0.0374,0.0418,0.00242,0.0033,0.0143,0.04444,0.00264,0.0231,0.04026,0.04026,0.00352,0.00264,0.0231,0.03322,0.0022,0.01232,0.05368,0.0385,0.00242,0.00308,0.02112,0.04158,0.00286,0.00154,0.04532,0.06072,0.00198,0.00176,0.0176,0.03696,0.00198,0.00176,0.0176,0.0693,0.01452,0.00176,0.01584,0.03344,0.00198,0.00154,0.01694,0.0374,0.0429,0.00198,0.01276,0.04202,0.00176,0.0022,0.011,0.04752,0.02332,0.0308,0.01232,0.03828,0.00198,0.00176,0.01166,0.04224,0.00792,0.04092,0.01056,0.0484,0.0022,0.0022,0.0121,0.03674,0.00176,0.03828,0.022,0.04664,0.0231,0.01672,0.00176,0.03102,0.07722,0.00176,0.00176,0.03784,0.01012,0.00198,0.04246,0.06226,0.00198,0.00198,0.03696,0.01012,0.0022,0.01562,0.04972,0.0264,0.00176,0.03498,0.01518,0.00308,0.01298,0.00243,0.00243,0.0027,0.00216,0.00243,0.00216,0.0027,0.00243,0.00243,0.00243,0.0027,0.0027,0.0027,0.00216,0.00297,0.00243,0.00216,0.00297,0.0027,0.00243,0.00297,0.0027,0.00243,0.0027,0.00243,0.00243,0.0027,0.0027,0.00243,0.0027,0.00243,0.00243,0.00243,0.00243,0.0027,0.0756,0.00243,0.00243,0.00243,0.03969,0.1107,0.054,0.00216,0.0027,0.00297,0.0027,0.00243,0.00243,0.00243,0.00243,0.00297,0.00243,0.0027,0.0027,0.0027,0.00297,0.0027,0.00297,0.0027,0.00297,0.00243,0.0027,0.00243,0.00243,0.00243,0.0027,0.00216,0.00216,0.0027,0.00216,0.0027,0.0027,0.00243,0.0027,0.00216,0.0027,0.0027,0.00243,0.0027,0.00243,0.00243,0.00216,0.0027,0.00243,0.00216,0.0027,0.00243,0.0027,0.00243,0.0027,0.00243,0.0027,0.0027,0.00243,0.00216,0.00216,0.00036,0.00036,0.00036,0.00018,0.00036,0.00036,0.00036,0.00018,0.00036,0.00036,0.00036,0.00018,0.00036,0.00036,0.00036,0.00018,0.00036,0.00036,0.00036,0.00018,0.00036,0.00036,0.00018,0.00036,0.00036,0.00036,0.00018,0.00036,0.00036,0.00018,0.00036,0.00036,0.00036,0.00018,0.00036,0.00036,0.00036,0.00018,0.00036,0.00036,0.00018,0.00036,0.00036,0.00036,0.00018,0.00036,0.00036,0.00018,0.00036,0.00036,0.00036,0.00018,0.00036,0.00036,0.00036,0.00018,0.99576,100.674,0.93618,10.341,0.3816,0.02862,0.00936,0.00342,0.00054,0.00036,0.00018,0.00036,0.00036,0.00036,0.00018,0.00036,0.00036,0.00018,0.00036,0.00036,0.00018,0.00036,0.00036,0.00036,0.00018,0.00036,0.00036,0.00018,0.00036,0.00036,0.00018,0.00036,0.00036,0.00036,0.00018,0.00036,0.00036,0.00018,0.00036,0.00036,0.00768,0.0084,0.00696,0.00792,0.00768,0.00912,0.00744,0.0084,0.0084,0.00888,0.0072,0.00792,0.00888,0.0072,0.00768,0.0084,0.00744,0.00792,0.00888,0.0084,0.00744,0.0084,0.0084,0.00792,0.0072,0.00792,0.00696,0.00744,0.00768,0.00864,0.0084,0.00768,0.00936,0.00744,0.0072,0.00864,0.00816,0.00792,0.00816,0.00768,0.0072,0.0084,0.00888,0.00816,0.00936,0.00744,0.00912,0.01152,0.00912,0.00984,0.01032,0.0096,0.00792,0.00912,0.00768,0.0096,0.1668,0.13776,0.13896,0.13344,0.14496,0.13872,0.12048,0.11304,0.00768,0.00648,0.00744,0.00744,0.00768,0.00768,0.0288,0.20904,0.18192,0.19488,0.21744,0.20328,0.21456,0.18432,0.1824,0.20784,0.14352,0.15504,0.14784,0.14616,0.14112,0.12816,0.15792,0.13896,0.19488,0.15984,0.0288,0.00768,0.00864,0.15336,0.1404,0.05184
24/04/2014,0.04004,0.00638,0.04774,0.0803,0.0913,0.06204,0.0847,0.09196,0.0693,0.06688,0.10824,0.09108,0.0737,0.08008,0.09636,0.06908,0.04664,0.08954,0.1023,0.10956,0.07524,0.11088,0.07766,0.04422,0.02442,0.02574,0.00176,0.0385,0.05104,0.00484,0.0022,0.0198,0.0539,0.08932,0.0616,0.0539,0.06424,0.0528,0.00418,0.00198,0.04466,0.00594,0.00198,0.05434,0.04576,0.00198,0.011,0.04026,0.00198,0.00198,0.03806,0.02068,0.0374,0.0176,0.03168,0.00198,0.0022,0.04686,0.0066,0.04026,0.0275,0.02596,0.0022,0.0022,0.05984,0.04312,0.0022,0.02376,0.02178,0.00198,0.03278,0.03564,0.03476,0.01034,0.03564,0.00198,0.00176,0.0308,0.03498,0.03124,0.01298,0.04114,0.00198,0.00198,0.04026,0.02068,0.0429,0.0176,0.03916,0.00176,0.00198,0.03432,0.01078,0.03322,0.03498,0.03916,0.0027,0.00243,0.00216,0.0027,0.00216,0.00216,0.00243,0.00243,0.00243,0.0027,0.00243,0.00243,0.00216,0.00243,0.00216,0.0027,0.0027,0.00243,0.00216,0.0027,0.00297,0.00216,0.00216,0.0027,0.0027,0.00216,0.00243,0.00216,0.00243,0.00243,0.0027,0.00216,0.00243,0.00297,0.0027,0.00243,0.00243,0.00243,0.0027,0.00243,0.00297,0.00243,0.00297,0.0027,0.00297,0.00216,0.00297,0.00216,0.00297,0.0027,0.00297,0.00243,0.00216,0.00297,0.0027,0.0027,0.0027,0.0027,0.00216,0.00297,0.00243,0.00297,0.0027,0.00297,0.00243,0.00216,0.0027,0.00243,0.0027,0.00243,0.00243,0.00243,0.0027,0.00243,0.00243,0.00216,0.0027,0.00297,0.00243,0.00216,0.0027,0.0027,0.0027,0.0027,0.00243,0.00216,0.00243,0.00216,0.00216,0.0027,0.00243,0.0027,0.0027,0.00243,0.00243,0.0027,0.00018,0.00036,0.00036,0.00036,0.00018,0.00036,0.00036,0.00036,0.00018,0.00036,0.00036,0.00036,0.00018,0.00036,0.00036,0.00018,0.00036,0.00036,0.00036,0.00018,0.00036,0.00036,0.00018,0.00036,0.00036,0.00036,0.00018,0.00036,0.00036,0.00018,0.00036,0.00036,0.00018,0.00036,0.00036,0.00036,0.00018,0.00036,0.00036,0.00036,0.00018,0.00036,0.00036,0.00036,0.00018,0.00036,0.00036,0.00036,0.00036,0.00018,0.00036,0.00036,0.00036,0.00018,0.00036,0.00036,0.00036,0.00018,0.00036,0.00036,0.00036,0.00018,0.00036,0.00036,0.00036,0.00036,0.00018,0.00036,0.00036,0.00018,0.00036,0.00036,0.00036,0.00018,0.00036,0.00036,0.00036,0.00018,0.00036,0.00036,0.00036,0.00018,0.00036,0.00036,0.00018,0.00036,0.00036,0.00018,0.00036,0.00036,0.00018,0.00036,0.00036,0.00018,0.00036,0.00036,0.00912,0.00816,0.00744,0.00912,0.00792,0.0072,0.00672,0.00912,0.00888,0.00816,0.00888,0.0084,0.00888,0.00912,0.00864,0.00768,0.00744,0.00816,0.0084,0.00744,0.00648,0.00888,0.00864,0.00888,0.0072,0.0072,0.0072,0.00864,0.0084,0.00864,0.00792,0.00744,0.00696,0.00792,0.00888,0.00912,0.00744,0.00792,0.00792,0.00696,0.00744,0.00768,0.00888,0.00792,0.00864,0.00888,0.00768,0.00984,0.0108,0.00912,0.012,0.01128,0.00792,0.00792,0.00768,0.00672,0.00792,0.00888,0.00792,0.00864,0.00744,0.00888,0.00744,0.00672,0.00888,0.00696,0.0084,0.0072,0.00864,0.00744,0.00912,0.00864,0.00696,0.00792,0.00768,0.00816,0.00744,0.0636,0.15528,0.19632,0.20496,0.19536,0.14496,0.16776,0.15096,0.1788,0.16392,0.17736,0.18792,0.15,0.13704,0.00912,0.0084,0.00696,0.00864,0.0072
25/04/2014,0.00264,0.00264,0.0462,0.01012,0.03454,0.1265,0.12628,0.0616,0.06776,0.12782,0.06644,0.06336,0.12276,0.12562,0.07128,0.06248,0.11528,0.06468,0.06468,0.1034,0.12364,0.10186,0.06842,0.10054,0.0044,0.00176,0.02948,0.01848,0.02662,0.02684,0.0451,0.00198,0.00176,0.02772,0.0176,0.00154,0.0143,0.08646,0.0022,0.00198,0.02728,0.01628,0.0022,0.0099,0.04444,0.04136,0.01892,0.04598,0.05126,0.00286,0.00176,0.00418,0.04158,0.05522,0.00616,0.0022,0.05082,0.01254,0.00176,0.0022,0.04774,0.04004,0.02508,0.0022,0.03872,0.01892,0.00198,0.01848,0.0341,0.00748,0.04488,0.02002,0.04246,0.00176,0.00286,0.02002,0.04796,0.04224,0.0022,0.02618,0.02882,0.0022,0.0022,0.0253,0.02992,0.02882,0.01848,0.02288,0.03058,0.00198,0.00154,0.02706,0.03058,0.00264,0.04554,0.02662,0.0027,0.00216,0.0027,0.00243,0.0027,0.00243,0.00216,0.00297,0.00297,0.00243,0.00297,0.00216,0.0027,0.00243,0.00243,0.00243,0.00243,0.00243,0.00216,0.00297,0.00243,0.00216,0.00243,0.0027,0.00243,0.00216,0.00297,0.00243,0.00216,0.00216,0.0027,0.06318,0.01863,0.00243,0.00243,0.04482,0.08073,0.00945,0.00243,0.00216,0.00216,0.0027,0.00216,0.0027,0.0027,0.0027,0.0027,0.00297,0.00243,0.0027,0.0027,0.0027,0.00243,0.00243,0.00243,0.0027,0.00243,0.00297,0.00216,0.00297,0.00216,0.00243,0.00243,0.00243,0.00243,0.00297,0.0027,0.00297,0.00297,0.00243,0.00243,0.00243,0.0027,0.0027,0.00243,0.00243,0.00243,0.00243,0.00243,0.0027,0.00297,0.00216,0.00216,0.0027,0.00243,0.00216,0.00243,0.00243,0.00216,0.0027,0.00216,0.00297,0.00243,0.00243,0.00216,0.00243,0.00036,0.00018,0.00036,0.00036,0.00036,0.00018,0.00036,0.00036,0.00036,0.00018,0.00036,0.00036,0.00036,0.00018,0.00036,0.00036,0.00036,0.00018,0.00036,0.00036,0.00036,0.00018,0.00036,0.00036,0.00018,0.00036,0.00036,0.00036,0.00018,0.00036,0.00036,0.00018,0.00036,0.00036,0.00036,0.00018,0.00036,0.00036,0.00036,0.00018,116.496,116.406,0.89874,0.4941,0.04248,0.01008,0.00396,0.00162,0.00126,0.00018,0.00036,0.00036,0.00036,0.00018,0.00036,0.00036,0.00036,0.00018,0.00036,0.00036,0.00036,0.00018,0.00036,0.00036,0.00036,0.00036,0.00018,0.00036,0.00036,0.00036,0.00018,0.00036,0.00036,0.00018,0.00036,0.00036,0.00036,0.00018,0.00036,0.00036,0.00036,0.00018,0.00036,0.00036,0.00018,0.00036,0.00036,0.00018,0.00036,0.00036,0.00036,0.00018,0.00036,0.00036,0.00018,0.00036,0.00792,0.00744,0.0084,0.0084,0.00768,0.00864,0.00816,0.00768,0.00672,0.0084,0.00744,0.00816,0.00816,0.0084,0.00696,0.00864,0.00672,0.00744,0.00696,0.00768,0.00888,0.00768,0.0084,0.0072,0.00816,0.01104,0.00864,0.0084,0.00792,0.0096,0.00816,0.00984,0.00816,0.00888,0.0072,0.00792,0.00816,0.00984,0.00792,0.00912,0.0084,0.0072,0.00912,0.00864,0.00912,0.0096,0.00816,0.01008,0.0096,0.00984,0.0108,0.01104,0.00888,0.00768,0.00792,0.00696,0.0072,0.00768,0.0072,0.0084,0.00696,0.00672,0.00792,0.00816,0.00888,0.00816,0.00792,0.00792,0.00744,0.0084,0.00816,0.00744,0.15936,0.16176,0.18864,0.21504,0.15648,0.2136,0.21,0.19776,0.15696,0.14616,0.19104,0.2004,0.1692,0.1896,0.15288,0.16008,0.15336,0.06096,0.00696,0.00696,0.01128,0.1572,0.11856,0.18096
26/04/2014,0.03234,0.00286,0.00264,0.02684,0.03102,0.02376,0.08514,0.10758,0.0869,0.0726,0.06688,0.09702,0.07964,0.06468,0.0594,0.11462,0.11506,0.07106,0.06842,0.0968,0.08228,0.05874,0.06358,0.11044,0.0275,0.02486,0.00176,0.044,0.01254,0.00198,0.0022,0.03806,0.0099,0.00198,0.02838,0.0506,0.00968,0.0022,0.0022,0.04532,0.00682,0.00198,0.0022,0.0594,0.04576,0.00154,0.00154,0.04136,0.00616,0.00198,0.00198,0.04136,0.0044,0.04092,0.01342,0.05082,0.0033,0.00198,0.00572,0.04048,0.0022,0.03146,0.02398,0.04818,0.00176,0.0022,0.01122,0.04136,0.00176,0.00198,0.04862,0.04642,0.00198,0.0022,0.01518,0.03498,0.00154,0.0022,0.01452,0.06776,0.01342,0.00176,0.01562,0.03674,0.00198,0.00176,0.01892,0.02948,0.01144,0.03564,0.0198,0.03784,0.0033,0.00242,0.02024,0.03476,0.0027,0.0027,0.0027,0.0027,0.00297,0.00243,0.00243,0.00297,0.00216,0.0027,0.00243,0.00243,0.00243,0.00243,0.00243,0.00243,0.00243,0.00243,0.00243,0.0027,0.00243,0.00297,0.00243,0.00243,0.00216,0.0027,0.00243,0.0027,0.0027,0.00243,0.00243,0.00216,0.08586,0.00216,0.08208,0.12258,0.00243,0.00216,0.0027,0.0027,0.0027,0.00243,0.00243,0.00243,0.00243,0.00243,0.00243,0.00216,0.00243,0.0027,0.0027,0.0027,0.00216,0.00243,0.0027,0.00216,0.0027,0.00243,0.0027,0.0027,0.00243,0.00216,0.0027,0.00243,0.00243,0.00297,0.00243,0.0027,0.00216,0.0027,0.0027,0.00243,0.00243,0.00216,0.00243,0.0027,0.00243,0.00297,0.00216,0.00243,0.0027,0.00243,0.00216,0.0027,0.00243,0.00216,0.00243,0.0027,0.0027,0.00297,0.00216,0.0027,0.00216,0.0027,0.0027,0.00243,0.00036,0.00036,0.00018,0.00036,0.00036,0.00036,0.00018,0.00036,0.00036,0.00036,0.00018,0.00036,0.00036,0.00036,0.00018,0.00036,0.00036,0.00036,0.00018,0.00036,0.00036,0.00036,0.00018,0.00036,0.00036,0.00018,0.00036,0.00036,0.00036,0.00018,0.00036,0.00036,0.00018,0.00036,0.00036,0.00036,0.00018,0.00036,0.00036,0.00018,0.00036,0.00036,0.00036,0.00018,0.00036,0.00036,0.00018,0.00036,0.00036,0.00036,0.00018,0.00036,0.00036,0.00036,0.00018,0.00036,0.00036,0.00036,0.00018,0.00036,0.00036,0.00036,0.00018,0.00036,0.00036,0.00036,0.00018,0.00036,0.00036,0.00018,0.00036,0.00036,0.00036,0.00018,0.00036,0.00036,0.00036,0.00018,0.00036,0.00036,0.00018,0.00036,0.00036,0.00018,0.00036,0.00036,0.00018,0.00036,0.00036,0.00036,0.00018,0.00036,0.00036,0.00018,0.00036,0.00036,0.1692,0.10344,0.00744,0.00792,0.00888,0.00768,0.0072,0.00912,0.0072,0.0084,0.00792,0.00672,0.00768,0.00816,0.00768,0.00816,0.00792,0.00888,0.00912,0.00816,0.00888,0.00744,0.00768,0.00816,0.00864,0.00696,0.1308,0.16296,0.11304,0.138,0.09408,0.00912,0.00792,0.00864,0.00744,0.00792,0.0084,0.00768,0.00816,0.00912,0.0084,0.00768,0.00696,0.00936,0.00648,0.0084,0.00936,0.06936,0.18552,0.16416,0.20184,0.16608,0.1716,0.20952,0.20136,0.17904,0.1608,0.1752,0.12768,0.00696,0.00768,0.00912,0.00768,0.00744,0.0084,0.00744,0.0072,0.00744,0.00696,0.00696,0.00792,0.00696,0.0072,0.0072,0.00984,0.00696,0.00696,0.00768,0.0072,0.00816,0.0084,0.00936,0.00912,0.01008,0.00912,0.00816,0.00768,0.00768,0.00816,0.00768,0.00912,0.06288,0.1476,0.17952,0.0648,0.00768
27/04/2014,0.0033,0.00286,0.03234,0.055,0.00264,0.00264,0.02728,0.03212,0.00308,0.0022,0.02882,0.0253,0.01408,0.03102,0.02288,0.02574,0.00308,0.00264,0.02552,0.02662,0.00242,0.00242,0.02178,0.06116,0.00814,0.00154,0.0264,0.02178,0.00154,0.0022,0.02398,0.02222,0.00154,0.00198,0.05698,0.02904,0.00198,0.00198,0.02442,0.02662,0.00176,0.00176,0.02464,0.02134,0.0187,0.02002,0.02398,0.02574,0.00198,0.0022,0.022,0.02904,0.00198,0.00176,0.04554,0.05324,0.0022,0.0022,0.02442,0.02948,0.00308,0.00176,0.0275,0.02508,0.03146,0.0066,0.02574,0.02596,0.00198,0.00198,0.02508,0.02442,0.00154,0.00198,0.04334,0.05676,0.00176,0.0022,0.03608,0.01364,0.0022,0.00176,0.02684,0.03762,0.0209,0.00154,0.02332,0.04224,0.07282,0.10208,0.0176,0.05148,0.05566,0.05544,0.01232,0.00242,0.00297,0.0027,0.00216,0.00243,0.0027,0.00243,0.0027,0.0027,0.00297,0.00216,0.0027,0.00216,0.0027,0.0027,0.00243,0.0027,0.00297,0.00243,0.00243,0.00243,0.00243,0.00216,0.00297,0.0027,0.00216,0.00297,0.00216,0.00297,0.0027,0.00243,0.0027,0.0027,0.0027,0.00216,0.00297,0.05832,0.00243,0.00243,0.09612,0.06156,0.0027,0.0027,0.0837,0.0243,0.11583,0.0702,0.00243,0.0027,0.0027,0.00243,0.00297,0.0027,0.0027,0.00243,0.00216,0.0027,0.0027,0.0027,0.00216,0.0027,0.00216,0.00297,0.00243,0.0027,0.00216,0.0027,0.00216,0.04995,0.0216,0.0027,0.00243,0.03456,0.08559,0.00783,0.00243,0.00243,0.00216,0.0027,0.0027,0.00243,0.0027,0.00216,0.00243,0.00216,0.03537,0.00216,0.00243,0.03132,0.06237,0.00891,0.00216,0.0027,0.0027,0.00216,0.0027,0.00243,0.00036,0.00018,0.00036,0.00036,0.00018,0.00036,0.00036,0.00036,0.00018,0.00036,0.00036,0.00036,0.00018,0.00036,0.00036,0.00036,0.00018,0.00036,0.00036,0.00036,0.00018,0.00036,0.00036,0.00036,0.00018,0.00036,0.00036,0.00018,0.00036,0.00036,0.00036,0.00018,0.00036,0.00036,0.00036,0.00018,0.00036,0.00036,0.00036,0.00018,0.00036,0.00036,0.00036,0.00018,0.00036,0.00036,0.00036,0.00018,0.00036,0.00036,0.00036,0.00018,0.00036,0.00036,0.00036,0.00018,0.00036,0.00036,0.00036,0.00018,0.00036,0.00036,0.00036,0.00018,0.00036,0.00036,0.00036,112.572,0.98838,128.826,113.778,0.63108,0.1755,0.00594,0.00018,0.00036,0.00036,0.00036,0.00018,0.00036,0.00036,0.00018,0.00036,0.7506,0.99234,0.72216,0.07362,0.00864,0.00648,0.0018,0.00072,0.00036,0.00018,0.00036,0.00036,0.00018,0.00672,0.0084,0.0084,0.0084,0.00768,0.00768,0.00768,0.00816,0.00768,0.00792,0.00696,0.00816,0.00744,0.00912,0.0072,0.00768,0.00696,0.00768,0.00672,0.0072,0.0072,0.00744,0.00792,0.00768,0.00768,0.00888,0.0084,0.00792,0.0072,0.06072,0.16104,0.11256,0.0072,0.0072,0.00696,0.00744,0.00768,0.0084,0.00744,0.0084,0.00816,0.00792,0.0084,0.00864,0.0084,0.0084,0.00888,0.0084,0.00816,0.00768,0.00696,0.00888,0.00744,0.00816,0.00816,0.00744,0.00816,0.00864,0.00744,0.00816,0.00744,0.00696,0.00816,0.00888,0.00888,0.00744,0.00696,0.00744,0.1176,0.13656,0.11448,0.00888,0.00696,0.00768,0.00936,0.0084,0.00768,0.00816,0.00888,0.048,0.17352,0.16752,0.17352,0.19368,0.1824,0.23784,0.20904,0.20496,0.18144,0.0684,0.01272,0.01536,0.0144,0.01392,0.0144,0.01488
28/04/2014,0.03828,0.0121,0.0033,0.00484,0.0495,0.0033,0.00264,0.03212,0.06138,0.00264,0.0033,0.01518,0.0363,0.00308,0.00308,0.02112,0.0319,0.00242,0.04092,0.02266,0.02618,0.00242,0.00264,0.02816,0.02244,0.00154,0.0022,0.02222,0.02618,0.0154,0.022,0.0253,0.0253,0.00176,0.00198,0.02618,0.01914,0.00198,0.00198,0.02486,0.04422,0.02618,0.00176,0.03124,0.01782,0.00154,0.00176,0.03432,0.01474,0.00198,0.04048,0.02926,0.0176,0.00176,0.00154,0.02816,0.01804,0.00198,0.0022,0.06028,0.02992,0.00176,0.0022,0.0363,0.01738,0.0022,0.00176,0.03806,0.033,0.01892,0.0022,0.04136,0.01188,0.00154,0.01518,0.0341,0.00198,0.033,0.02288,0.033,0.00264,0.00176,0.01628,0.0374,0.00198,0.01144,0.04818,0.03674,0.00154,0.00154,0.01716,0.0385,0.0572,0.05038,0.08888,0.08866,0.00243,0.0027,0.00216,0.00243,0.00243,0.00297,0.0027,0.00216,0.00243,0.00243,0.00216,0.0027,0.0027,0.00243,0.00243,0.00243,0.00243,0.0027,0.00297,0.0027,0.00243,0.00297,0.00243,0.0027,0.00243,0.00243,0.00243,0.00216,0.00216,0.0027,0.00216,0.00243,0.0027,0.00243,0.00243,0.00243,0.0027,0.00216,0.00243,0.00243,0.0027,0.00216,0.00243,0.06453,0.00216,0.00216,0.25299,0.43335,0.10611,0.00216,0.0027,0.0027,0.00243,0.00297,0.0027,0.00216,0.00297,0.0027,0.0027,0.0027,0.0027,0.0027,0.00297,0.00216,0.00297,0.00216,0.00297,0.0027,0.00297,0.0027,0.00243,0.00243,0.00216,0.00243,0.0027,0.06021,0.00297,0.04131,0.07722,0.02754,0.0027,0.00243,0.00243,0.00243,0.00243,0.00243,0.00216,0.00216,0.00243,0.00216,0.0027,0.00243,0.0027,0.00243,0.00243,0.00216,0.00036,0.00036,0.00036,0.00018,0.00036,0.00036,0.00036,0.00036,0.00018,0.00036,0.00036,0.00036,0.00018,0.00036,0.00036,0.00018,0.00036,0.00036,0.00036,0.00018,0.00036,0.00036,0.00036,0.00018,0.00036,0.00036,0.00036,0.00018,0.00036,0.00036,0.00018,0.00036,0.00036,0.00036,0.00018,0.00036,0.00036,0.00018,0.00036,0.00036,0.00036,0.00018,0.00036,0.92376,0.7767,0.66492,0.0882,0.0099,0.00972,0.00144,0.0018,0.0018,0.0009,0.00036,0.00036,0.00018,0.00036,0.00036,0.00036,0.00018,0.00036,0.00036,0.00036,0.00018,0.00036,0.00036,0.00036,0.00018,0.00036,0.00036,0.00036,0.00018,0.00036,0.00036,0.00018,0.00036,0.00036,0.00018,0.00036,0.00036,0.00018,0.00036,0.00036,0.00018,0.00036,0.00036,0.00018,0.00036,0.00036,0.00018,0.00036,0.00036,0.00036,0.00018,0.00036,0.00036,0.0156,0.12312,0.1632,0.21528,0.04992,0.00672,0.0084,0.0084,0.00864,0.00864,0.0072,0.0072,0.0084,0.00672,0.00744,0.00696,0.0084,0.00696,0.0072,0.00792,0.00816,0.00816,0.00744,0.00816,0.0072,0.00696,0.00816,0.0084,0.00816,0.0084,0.0084,0.00768,0.00888,0.00744,0.00816,0.0084,0.00744,0.00792,0.0084,0.00888,0.0084,0.0084,0.00672,0.00648,0.00696,0.00816,0.00792,0.0084,0.00864,0.00792,0.00768,0.00744,0.0084,0.0084,0.00792,0.0084,0.00672,0.0084,0.00888,0.0072,0.00768,0.00768,0.00648,0.0072,0.00768,0.0072,0.00792,0.00816,0.03456,0.1728,0.16968,0.1788,0.16176,0.18528,0.00816,0.0072,0.00864,0.00696,0.00696,0.00816,0.00864,0.00768,0.10104,0.13632,0.19608,0.15984,0.0084,0.00792,0.00864,0.0084,0.00864,0.0084,0.00696,0.00768,0.00744,0.00888
29/04/2014,0.10098,0.05544,0.07348,0.10098,0.05412,0.05412,0.0858,0.09218,0.07216,0.05522,0.10516,0.0759,0.07304,0.04202,0.08228,0.07502,0.0594,0.05984,0.0583,0.11528,0.07194,0.0836,0.0726,0.08382,0.00484,0.0022,0.01562,0.03102,0.00176,0.00176,0.01364,0.0319,0.04048,0.0022,0.01078,0.03234,0.0022,0.00198,0.0099,0.0418,0.00198,0.00198,0.0055,0.07326,0.00308,0.00198,0.00484,0.04268,0.00176,0.00198,0.00484,0.0396,0.0022,0.03278,0.00594,0.04136,0.0022,0.0022,0.00198,0.05324,0.00198,0.00176,0.0022,0.0792,0.01386,0.00176,0.0022,0.04752,0.00704,0.0022,0.00154,0.03806,0.01518,0.03278,0.03718,0.00858,0.0022,0.0022,0.03542,0.0088,0.00154,0.00198,0.06072,0.01958,0.0022,0.00154,0.04576,0.01188,0.00176,0.00154,0.03718,0.01342,0.0286,0.01254,0.03344,0.01496,0.00297,0.00216,0.00243,0.00216,0.0027,0.00243,0.0027,0.0027,0.0027,0.00243,0.00216,0.0027,0.00243,0.00297,0.00243,0.00243,0.00243,0.00297,0.00243,0.00243,0.0027,0.00297,0.00243,0.0027,0.00297,0.0027,0.0027,0.00243,0.00243,0.0027,0.0027,0.00297,0.00216,0.00243,0.00297,0.00243,0.06669,0.00297,0.0027,0.0027,0.07263,0.07182,0.06453,0.03348,0.02187,0.0027,0.1593,0.09828,0.00243,0.0027,0.00243,0.00297,0.0027,0.0027,0.00243,0.00243,0.00243,0.0027,0.0027,0.00243,0.00243,0.0027,0.0027,0.00243,0.0027,0.00243,0.0027,0.0027,0.00297,0.00243,0.00216,0.0027,0.00216,0.0027,0.00243,0.00297,0.00243,0.0027,0.00243,0.00216,0.00297,0.0027,0.00243,0.00216,0.0027,0.00243,0.00216,0.0027,0.0027,0.00216,0.00243,0.00243,0.00243,0.00243,0.00243,0.00243,0.00018,0.00036,0.00036,0.00036,0.00018,0.00036,0.00036,0.00036,0.00018,0.00036,0.00036,0.00036,0.00018,0.00036,0.00036,0.00036,0.00018,0.00036,0.00036,0.00036,0.00018,0.00036,0.00036,0.00036,0.00018,0.00036,0.00036,0.00036,0.00018,0.00036,0.00036,0.00018,0.00036,0.00036,0.00036,0.00018,13.122,133.236,0.70524,0.0324,0.00234,0.00036,0.00018,0.20124,11.862,0.90216,0.23616,0.01962,0.01044,0.00252,0.00126,0.00018,0.00036,0.00036,0.00036,0.00018,0.00036,0.00036,0.00036,0.00018,0.00036,0.00036,0.00036,0.00018,0.00036,0.00036,0.00036,0.00018,0.00036,0.00036,0.00036,0.00018,0.00036,0.00036,0.00018,0.00036,0.00036,0.00036,0.00018,0.00036,0.00036,0.00018,0.00036,0.00036,0.00018,0.00036,0.00036,0.00018,0.00036,0.00036,0.00036,0.00018,0.00036,0.00036,0.00036,0.00018,0.00816,0.00672,0.00648,0.00744,0.00744,0.00672,0.00744,0.00768,0.00696,0.00816,0.00744,0.00744,0.00696,0.00744,0.00768,0.0084,0.00792,0.00792,0.00768,0.00792,0.0084,0.00768,0.00744,0.00816,0.00744,0.0084,0.00864,0.00816,0.00768,0.00696,0.00816,0.00816,0.00696,0.00792,0.16944,0.12576,0.00696,0.00648,0.00672,0.0072,0.0072,0.00816,0.00792,0.00792,0.00768,0.00744,0.0084,0.0108,0.00936,0.01056,0.01008,0.0096,0.04896,0.20616,0.11448,0.0072,0.00792,0.00792,0.0072,0.0084,0.00648,0.00648,0.00816,0.00744,0.00792,0.00648,0.00864,0.00696,0.0072,0.0084,0.00648,0.00672,0.0072,0.0084,0.0072,0.00696,0.00792,0.00672,0.00744,0.09528,0.18384,0.16272,0.2112,0.19128,0.20304,0.19056,0.17592,0.12504,0.12648,0.06336,0.0072,0.00696,0.0084,0.0084,0.00672,0.00696
30/04/2014,0.00308,0.00264,0.03652,0.01276,0.00264,0.00242,0.06248,0.0286,0.00308,0.00308,0.03938,0.00968,0.00264,0.00286,0.04026,0.01012,0.01254,0.02948,0.04004,0.0077,0.00308,0.00286,0.04664,0.0088,0.00176,0.00176,0.04334,0.04356,0.00198,0.00198,0.04422,0.00968,0.00176,0.0022,0.0352,0.01342,0.00198,0.03762,0.0396,0.01452,0.00198,0.00176,0.03784,0.01254,0.00176,0.00176,0.06578,0.0286,0.00176,0.00176,0.0385,0.01496,0.00176,0.00176,0.04114,0.0286,0.0242,0.00154,0.04224,0.01518,0.0022,0.00176,0.04532,0.01166,0.02398,0.01738,0.04356,0.01034,0.00198,0.00198,0.03652,0.01034,0.00154,0.04026,0.04884,0.01012,0.00198,0.00198,0.044,0.00968,0.0022,0.01782,0.06226,0.01012,0.0022,0.00176,0.04576,0.04686,0.0143,0.00176,0.04224,0.0088,0.00264,0.00242,0.0616,0.0319,0.00216,0.0027,0.00243,0.00243,0.0027,0.00243,0.00243,0.00216,0.00297,0.0027,0.00216,0.0027,0.0027,0.0027,0.0027,0.00243,0.0027,0.00243,0.0027,0.00216,0.00243,0.00243,0.00216,0.0027,0.00216,0.0027,0.0027,0.00216,0.0027,0.0027,0.00216,0.00216,0.00243,0.00243,0.00243,0.00243,0.00297,0.0027,0.00216,0.08289,0.0027,0.10908,0.12528,0.0027,0.00243,0.0027,0.0027,0.00216,0.00297,0.0027,0.00297,0.0027,0.0027,0.00297,0.00216,0.00216,0.00297,0.00243,0.00216,0.0027,0.0027,0.0027,0.00243,0.0027,0.00297,0.0027,0.0027,0.0027,0.00216,0.00243,0.0027,0.0027,0.00243,0.00243,0.0027,0.00297,0.0027,0.00216,0.0027,0.0027,0.00216,0.0027,0.00243,0.00216,0.00243,0.0027,0.00243,0.00216,0.00243,0.00216,0.00243,0.00297,0.00243,0.0027,0.0027,0.00243,0.00036,0.00036,0.00036,0.00018,0.00036,0.00036,0.00036,0.00018,0.00036,0.00036,0.00036,0.00018,0.00036,0.00036,0.00036,0.00018,0.00036,0.00036,0.00036,0.00018,0.00036,0.00036,0.00036,0.00018,0.00036,0.00036,0.00036,0.00018,0.00036,0.00036,0.00018,0.00036,0.00036,0.00036,0.00018,0.00036,0.00036,0.00036,0.00018,0.00036,0.00036,0.00018,0.00036,0.00036,0.00036,0.00018,0.00036,0.00036,0.00036,0.00018,0.00036,0.00036,0.00036,0.00018,0.00036,0.00036,0.00018,0.00036,0.00036,0.00036,0.00018,0.00036,0.00036,0.00036,0.00036,0.00018,0.00036,0.00036,0.00018,0.00036,0.00036,0.00036,0.00018,0.00036,0.00036,0.00018,0.00036,0.00036,0.00018,0.00036,0.00036,0.00018,0.00036,0.00036,0.00018,0.00036,0.00036,0.00018,0.00036,0.00036,0.00018,0.00036,0.00036,0.00018,0.00036,0.00036,0.00696,0.00672,0.0072,0.0072,0.00672,0.0072,0.14712,0.1776,0.02016,0.00696,0.00744,0.00744,0.0084,0.00696,0.00816,0.00864,0.00648,0.00888,0.00744,0.0072,0.00672,0.00648,0.0084,0.00744,0.00744,0.00744,0.0072,0.00624,0.00864,0.00744,0.00672,0.00696,0.00744,0.00672,0.0072,0.0084,0.00624,0.0072,0.00792,0.00792,0.00648,0.00744,0.00744,0.00888,0.00864,0.00768,0.0072,0.00984,0.01128,0.00888,0.00888,0.0108,0.00816,0.00816,0.0072,0.00672,0.00672,0.00792,0.00672,0.00672,0.00864,0.00696,0.0072,0.0084,0.00672,0.0084,0.00672,0.00744,0.00744,0.00744,0.00792,0.00696,0.00768,0.00768,0.00936,0.00648,0.00816,0.00792,0.11088,0.19344,0.18288,0.1716,0.18792,0.14856,0.20304,0.14736,0.14616,0.16488,0.17448,0.21408,0.1764,0.162,0.16296,0.00792,0.00768,0.00768
